This is XeTeX, Version 3.141592653-2.6-0.999998 (TeX Live 2026) (preloaded format=xelatex 2026.4.3)  11 SEP 2026 12:29
entering extended mode
 restricted \write18 enabled.
 file:line:error style messages enabled.
 %&-line parsing enabled.
**research_handbook
(./research_handbook.tex
LaTeX2e <2025-11-01>
L3 programming layer <2026-03-20>
(./elegantbook.cls
Document Class: elegantbook 2026/2/27 v4.6 ElegantBook document class
(d:/texlive/2026/texmf-dist/tex/latex/kvoptions/kvoptions.sty
Package: kvoptions 2022-06-15 v3.15 Key value format for package options (HO)
 (d:/texlive/2026/texmf-dist/tex/latex/graphics/keyval.sty
Package: keyval 2022/05/29 v1.15 key=value parser (DPC)
\KV@toks@=\toks17
) (d:/texlive/2026/texmf-dist/tex/generic/ltxcmds/ltxcmds.sty
Package: ltxcmds 2023-12-04 v1.26 LaTeX kernel commands for general use (HO)
) (d:/texlive/2026/texmf-dist/tex/latex/kvsetkeys/kvsetkeys.sty
Package: kvsetkeys 2022-10-05 v1.19 Key value parser (HO)
)) (d:/texlive/2026/texmf-dist/tex/latex/etoolbox/etoolbox.sty
Package: etoolbox 2025/10/02 v2.5m e-TeX tools for LaTeX (JAW)
\etb@tempcnta=\count271
) (d:/texlive/2026/texmf-dist/tex/latex/base/book.cls
Document Class: book 2025/01/22 v1.4n Standard LaTeX document class
(d:/texlive/2026/texmf-dist/tex/latex/base/bk10.clo
File: bk10.clo 2025/01/22 v1.4n Standard LaTeX file (size option)
)
\c@part=\count272
\c@chapter=\count273
\c@section=\count274
\c@subsection=\count275
\c@subsubsection=\count276
\c@paragraph=\count277
\c@subparagraph=\count278
\c@figure=\count279
\c@table=\count280
\abovecaptionskip=\skip49
\belowcaptionskip=\skip50
\bibindent=\dimen150
) (d:/texlive/2026/texmf-dist/tex/latex/setspace/setspace.sty
Package: setspace 2022/12/04 v6.7b set line spacing
) (d:/texlive/2026/texmf-dist/tex/latex/csquotes/csquotes.sty
Package: csquotes 2024-04-04 v5.2o context-sensitive quotations (JAW)
\csq@reset=\count281
\csq@gtype=\count282
\csq@glevel=\count283
\csq@qlevel=\count284
\csq@maxlvl=\count285
\csq@tshold=\count286
\csq@ltx@everypar=\toks18
 (d:/texlive/2026/texmf-dist/tex/latex/csquotes/csquotes.def
File: csquotes.def 2024-04-04 v5.2o csquotes generic definitions (JAW)
)
Package csquotes Info: Trying to load configuration file 'csquotes.cfg'...
Package csquotes Info: ... configuration file loaded successfully.
 (d:/texlive/2026/texmf-dist/tex/latex/csquotes/csquotes.cfg
File: csquotes.cfg 
)) (d:/texlive/2026/texmf-dist/tex/latex/hyperref/hyperref.sty
Package: hyperref 2026-01-29 v7.01p Hypertext links for LaTeX
 (d:/texlive/2026/texmf-dist/tex/generic/iftex/iftex.sty
Package: iftex 2024/12/12 v1.0g TeX engine tests
) (d:/texlive/2026/texmf-dist/tex/generic/kvdefinekeys/kvdefinekeys.sty
Package: kvdefinekeys 2019-12-19 v1.6 Define keys (HO)
) (d:/texlive/2026/texmf-dist/tex/generic/pdfescape/pdfescape.sty
Package: pdfescape 2019/12/09 v1.15 Implements pdfTeX's escape features (HO)
 (d:/texlive/2026/texmf-dist/tex/generic/pdftexcmds/pdftexcmds.sty
Package: pdftexcmds 2020-06-27 v0.33 Utility functions of pdfTeX for LuaTeX (HO)
 (d:/texlive/2026/texmf-dist/tex/generic/infwarerr/infwarerr.sty
Package: infwarerr 2019/12/03 v1.5 Providing info/warning/error messages (HO)
)
Package pdftexcmds Info: \pdf@primitive is available.
Package pdftexcmds Info: \pdf@ifprimitive is available.
Package pdftexcmds Info: \pdfdraftmode not found.
)) (d:/texlive/2026/texmf-dist/tex/latex/hycolor/hycolor.sty
Package: hycolor 2020-01-27 v1.10 Color options for hyperref/bookmark (HO)
) (d:/texlive/2026/texmf-dist/tex/latex/hyperref/nameref.sty
Package: nameref 2026-01-29 v2.58 Cross-referencing by name of section
 (d:/texlive/2026/texmf-dist/tex/latex/refcount/refcount.sty
Package: refcount 2019/12/15 v3.6 Data extraction from label references (HO)
) (d:/texlive/2026/texmf-dist/tex/generic/gettitlestring/gettitlestring.sty
Package: gettitlestring 2019/12/15 v1.6 Cleanup title references (HO)
)
\c@section@level=\count287
) (d:/texlive/2026/texmf-dist/tex/generic/stringenc/stringenc.sty
Package: stringenc 2019/11/29 v1.12 Convert strings between diff. encodings (HO)
)
\@linkdim=\dimen151
\Hy@linkcounter=\count288
\Hy@pagecounter=\count289
 (d:/texlive/2026/texmf-dist/tex/latex/hyperref/pd1enc.def
File: pd1enc.def 2026-01-29 v7.01p Hyperref: PDFDocEncoding definition (HO)
) (d:/texlive/2026/texmf-dist/tex/generic/intcalc/intcalc.sty
Package: intcalc 2019/12/15 v1.3 Expandable calculations with integers (HO)
)
\Hy@SavedSpaceFactor=\count290
 (d:/texlive/2026/texmf-dist/tex/latex/hyperref/puenc.def
File: puenc.def 2026-01-29 v7.01p Hyperref: PDF Unicode definition (HO)
)
Package hyperref Info: Hyper figures OFF on input line 4201.
Package hyperref Info: Link nesting OFF on input line 4206.
Package hyperref Info: Hyper index ON on input line 4209.
Package hyperref Info: Plain pages OFF on input line 4216.
Package hyperref Info: Backreferencing OFF on input line 4221.
Package hyperref Info: Implicit mode ON; LaTeX internals redefined.
Package hyperref Info: Bookmarks ON on input line 4468.
\c@Hy@tempcnt=\count291
 (d:/texlive/2026/texmf-dist/tex/latex/url/url.sty
\Urlmuskip=\muskip17
Package: url 2013/09/16  ver 3.4  Verb mode for urls, etc.
)
LaTeX Info: Redefining \url on input line 4807.
\XeTeXLinkMargin=\dimen152
 (d:/texlive/2026/texmf-dist/tex/generic/bitset/bitset.sty
Package: bitset 2019/12/09 v1.3 Handle bit-vector datatype (HO)
 (d:/texlive/2026/texmf-dist/tex/generic/bigintcalc/bigintcalc.sty
Package: bigintcalc 2019/12/15 v1.5 Expandable calculations on big integers (HO)
))
\Fld@menulength=\count292
\Field@Width=\dimen153
\Fld@charsize=\dimen154
Package hyperref Info: Hyper figures OFF on input line 6084.
Package hyperref Info: Link nesting OFF on input line 6089.
Package hyperref Info: Hyper index ON on input line 6092.
Package hyperref Info: backreferencing OFF on input line 6099.
Package hyperref Info: Link coloring OFF on input line 6104.
Package hyperref Info: Link coloring with OCG OFF on input line 6109.
Package hyperref Info: PDF/A mode OFF on input line 6114.
\Hy@abspage=\count293
\c@Item=\count294
\c@Hfootnote=\count295
)
Package hyperref Info: Driver (autodetected): hxetex.
 (d:/texlive/2026/texmf-dist/tex/latex/hyperref/hxetex.def
File: hxetex.def 2026-01-29 v7.01p Hyperref driver for XeTeX
\pdfm@box=\box53
\c@Hy@AnnotLevel=\count296
\HyField@AnnotCount=\count297
\Fld@listcount=\count298
\c@bookmark@seq@number=\count299
 (d:/texlive/2026/texmf-dist/tex/latex/rerunfilecheck/rerunfilecheck.sty
Package: rerunfilecheck 2025-06-21 v1.11 Rerun checks for auxiliary files (HO)
 (d:/texlive/2026/texmf-dist/tex/generic/uniquecounter/uniquecounter.sty
Package: uniquecounter 2019/12/15 v1.4 Provide unlimited unique counter (HO)
)
Package uniquecounter Info: New unique counter `rerunfilecheck' on input line 284.
)
\Hy@SectionHShift=\skip51
)
Package hyperref Info: Option `breaklinks' set `true' on input line 123.
Package hyperref Info: Option `unicode' set `true' on input line 123.
Package hyperref Info: Option `bookmarksnumbered' set `true' on input line 123.
Package hyperref Info: Option `bookmarksopen' set `true' on input line 123.
Package hyperref Info: Option `colorlinks' set `true' on input line 123.
Package hyperref Info: Option `plainpages' set `false' on input line 123.
Package hyperref Info: Option `linktocpage' set `true' on input line 123.
 (d:/texlive/2026/texmf-dist/tex/latex/geometry/geometry.sty
Package: geometry 2026/03/07 v6.0 Page Geometry
 (d:/texlive/2026/texmf-dist/tex/generic/iftex/ifvtex.sty
Package: ifvtex 2019/10/25 v1.7 ifvtex legacy package. Use iftex instead.
)
\Gm@cnth=\count300
\Gm@cntv=\count301
\c@Gm@tempcnt=\count302
\Gm@bindingoffset=\dimen155
\Gm@wd@mp=\dimen156
\Gm@odd@mp=\dimen157
\Gm@even@mp=\dimen158
\Gm@layoutwidth=\dimen159
\Gm@layoutheight=\dimen160
\Gm@layouthoffset=\dimen161
\Gm@layoutvoffset=\dimen162
\Gm@dimlist=\toks19
) (d:/texlive/2026/texmf-dist/tex/latex/tools/indentfirst.sty
Package: indentfirst 2023/07/02 v1.03 Indent first paragraph (DPC)
) (d:/texlive/2026/texmf-dist/tex/latex/comment/comment.sty
\CommentStream=\write3
 Excluding comment 'comment') (d:/texlive/2026/texmf-dist/tex/latex/fontspec/fontspec.sty (d:/texlive/2026/texmf-dist/tex/latex/l3packages/xparse/xparse.sty (d:/texlive/2026/texmf-dist/tex/latex/l3kernel/expl3.sty
Package: expl3 2026-03-20 L3 programming layer (loader) 
 (d:/texlive/2026/texmf-dist/tex/latex/l3backend/l3backend-xetex.def
File: l3backend-xetex.def 2026-02-18 L3 backend support: XeTeX
\g__graphics_track_int=\count303
\g__pdfannot_backend_int=\count304
\g__pdfannot_backend_link_int=\count305
))
Package: xparse 2025-10-09 L3 Experimental document command parser
)
Package: fontspec 2025/09/29 v2.9g Font selection for XeLaTeX and LuaLaTeX
 (d:/texlive/2026/texmf-dist/tex/latex/fontspec/fontspec-xetex.sty
Package: fontspec-xetex 2025/09/29 v2.9g Font selection for XeLaTeX and LuaLaTeX
\l__fontspec_script_int=\count306
\l__fontspec_language_int=\count307
\l__fontspec_strnum_int=\count308
\l__fontspec_tmp_int=\count309
\l__fontspec_tmpa_int=\count310
\l__fontspec_tmpb_int=\count311
\l__fontspec_tmpc_int=\count312
\l__fontspec_em_int=\count313
\l__fontspec_emdef_int=\count314
\l__fontspec_strong_int=\count315
\l__fontspec_strongdef_int=\count316
\l__fontspec_tmpa_dim=\dimen163
\l__fontspec_tmpb_dim=\dimen164
\l__fontspec_tmpc_dim=\dimen165
 (d:/texlive/2026/texmf-dist/tex/latex/base/fontenc.sty
Package: fontenc 2025/07/18 v2.1d Standard LaTeX package
) (d:/texlive/2026/texmf-dist/tex/latex/fontspec/fontspec.cfg))) (d:/texlive/2026/texmf-dist/tex/latex/newtx/TeXGyreTermesX.fontspec)
LaTeX Font Info:    Font shape `TU/TeXGyreTermesX(0)/m/n' will be
(Font)              scaled to size 10.0pt on input line 181.
 (d:/texlive/2026/texmf-dist/tex/latex/ctex/ctex.sty
Package: ctex 2022/07/14 v2.5.10 Chinese adapter in LaTeX (CTEX)
 (d:/texlive/2026/texmf-dist/tex/latex/ctex/ctexhook.sty
Package: ctexhook 2022/07/14 v2.5.10 Document and package hooks (CTEX)
) (d:/texlive/2026/texmf-dist/tex/latex/ctex/ctexpatch.sty
Package: ctexpatch 2022/07/14 v2.5.10 Patching commands (CTEX)
) (d:/texlive/2026/texmf-dist/tex/latex/base/fix-cm.sty
Package: fix-cm 2020/11/24 v1.1t fixes to LaTeX
 (d:/texlive/2026/texmf-dist/tex/latex/base/ts1enc.def
File: ts1enc.def 2001/06/05 v3.0e (jk/car/fm) Standard LaTeX file
LaTeX Font Info:    Redeclaring font encoding TS1 on input line 47.
LaTeX Encoding Info:    Redeclaring text command \capitalcedilla (encoding TS1) on input line 49.
LaTeX Encoding Info:    Redeclaring text command \capitalogonek (encoding TS1) on input line 52.
LaTeX Encoding Info:    Redeclaring text command \capitalgrave (encoding TS1) on input line 55.
LaTeX Encoding Info:    Redeclaring text command \capitalacute (encoding TS1) on input line 56.
LaTeX Encoding Info:    Redeclaring text command \capitalcircumflex (encoding TS1) on input line 57.
LaTeX Encoding Info:    Redeclaring text command \capitaltilde (encoding TS1) on input line 58.
LaTeX Encoding Info:    Redeclaring text command \capitaldieresis (encoding TS1) on input line 59.
LaTeX Encoding Info:    Redeclaring text command \capitalhungarumlaut (encoding TS1) on input line 60.
LaTeX Encoding Info:    Redeclaring text command \capitalring (encoding TS1) on input line 61.
LaTeX Encoding Info:    Redeclaring text command \capitalcaron (encoding TS1) on input line 62.
LaTeX Encoding Info:    Redeclaring text command \capitalbreve (encoding TS1) on input line 63.
LaTeX Encoding Info:    Redeclaring text command \capitalmacron (encoding TS1) on input line 64.
LaTeX Encoding Info:    Redeclaring text command \capitaldotaccent (encoding TS1) on input line 65.
LaTeX Encoding Info:    Redeclaring text command \t (encoding TS1) on input line 66.
LaTeX Encoding Info:    Redeclaring text command \capitaltie (encoding TS1) on input line 67.
LaTeX Encoding Info:    Redeclaring text command \newtie (encoding TS1) on input line 68.
LaTeX Encoding Info:    Redeclaring text command \capitalnewtie (encoding TS1) on input line 69.
LaTeX Encoding Info:    Redeclaring text symbol \textcapitalcompwordmark (encoding TS1) on input line 70.
LaTeX Encoding Info:    Redeclaring text symbol \textascendercompwordmark (encoding TS1) on input line 71.
LaTeX Encoding Info:    Redeclaring text symbol \textquotestraightbase (encoding TS1) on input line 72.
LaTeX Encoding Info:    Redeclaring text symbol \textquotestraightdblbase (encoding TS1) on input line 73.
LaTeX Encoding Info:    Redeclaring text symbol \texttwelveudash (encoding TS1) on input line 74.
LaTeX Encoding Info:    Redeclaring text symbol \textthreequartersemdash (encoding TS1) on input line 75.
LaTeX Encoding Info:    Redeclaring text symbol \textleftarrow (encoding TS1) on input line 76.
LaTeX Encoding Info:    Redeclaring text symbol \textrightarrow (encoding TS1) on input line 77.
LaTeX Encoding Info:    Redeclaring text symbol \textblank (encoding TS1) on input line 78.
LaTeX Encoding Info:    Redeclaring text symbol \textdollar (encoding TS1) on input line 79.
LaTeX Encoding Info:    Redeclaring text symbol \textquotesingle (encoding TS1) on input line 80.
LaTeX Encoding Info:    Redeclaring text command \textasteriskcentered (encoding TS1) on input line 81.
LaTeX Encoding Info:    Redeclaring text symbol \textdblhyphen (encoding TS1) on input line 92.
LaTeX Encoding Info:    Redeclaring text symbol \textfractionsolidus (encoding TS1) on input line 93.
LaTeX Encoding Info:    Redeclaring text symbol \textzerooldstyle (encoding TS1) on input line 94.
LaTeX Encoding Info:    Redeclaring text symbol \textoneoldstyle (encoding TS1) on input line 95.
LaTeX Encoding Info:    Redeclaring text symbol \texttwooldstyle (encoding TS1) on input line 96.
LaTeX Encoding Info:    Redeclaring text symbol \textthreeoldstyle (encoding TS1) on input line 97.
LaTeX Encoding Info:    Redeclaring text symbol \textfouroldstyle (encoding TS1) on input line 98.
LaTeX Encoding Info:    Redeclaring text symbol \textfiveoldstyle (encoding TS1) on input line 99.
LaTeX Encoding Info:    Redeclaring text symbol \textsixoldstyle (encoding TS1) on input line 100.
LaTeX Encoding Info:    Redeclaring text symbol \textsevenoldstyle (encoding TS1) on input line 101.
LaTeX Encoding Info:    Redeclaring text symbol \texteightoldstyle (encoding TS1) on input line 102.
LaTeX Encoding Info:    Redeclaring text symbol \textnineoldstyle (encoding TS1) on input line 103.
LaTeX Encoding Info:    Redeclaring text symbol \textlangle (encoding TS1) on input line 104.
LaTeX Encoding Info:    Redeclaring text symbol \textminus (encoding TS1) on input line 105.
LaTeX Encoding Info:    Redeclaring text symbol \textrangle (encoding TS1) on input line 106.
LaTeX Encoding Info:    Redeclaring text symbol \textmho (encoding TS1) on input line 107.
LaTeX Encoding Info:    Redeclaring text symbol \textbigcircle (encoding TS1) on input line 108.
LaTeX Encoding Info:    Redeclaring text command \textcircled (encoding TS1) on input line 109.
LaTeX Encoding Info:    Redeclaring text symbol \textohm (encoding TS1) on input line 115.
LaTeX Encoding Info:    Redeclaring text symbol \textlbrackdbl (encoding TS1) on input line 116.
LaTeX Encoding Info:    Redeclaring text symbol \textrbrackdbl (encoding TS1) on input line 117.
LaTeX Encoding Info:    Redeclaring text symbol \textuparrow (encoding TS1) on input line 118.
LaTeX Encoding Info:    Redeclaring text symbol \textdownarrow (encoding TS1) on input line 119.
LaTeX Encoding Info:    Redeclaring text symbol \textasciigrave (encoding TS1) on input line 120.
LaTeX Encoding Info:    Redeclaring text symbol \textborn (encoding TS1) on input line 121.
LaTeX Encoding Info:    Redeclaring text symbol \textdivorced (encoding TS1) on input line 122.
LaTeX Encoding Info:    Redeclaring text symbol \textdied (encoding TS1) on input line 123.
LaTeX Encoding Info:    Redeclaring text symbol \textleaf (encoding TS1) on input line 124.
LaTeX Encoding Info:    Redeclaring text symbol \textmarried (encoding TS1) on input line 125.
LaTeX Encoding Info:    Redeclaring text symbol \textmusicalnote (encoding TS1) on input line 126.
LaTeX Encoding Info:    Redeclaring text symbol \texttildelow (encoding TS1) on input line 127.
LaTeX Encoding Info:    Redeclaring text symbol \textdblhyphenchar (encoding TS1) on input line 128.
LaTeX Encoding Info:    Redeclaring text symbol \textasciibreve (encoding TS1) on input line 129.
LaTeX Encoding Info:    Redeclaring text symbol \textasciicaron (encoding TS1) on input line 130.
LaTeX Encoding Info:    Redeclaring text symbol \textacutedbl (encoding TS1) on input line 131.
LaTeX Encoding Info:    Redeclaring text symbol \textgravedbl (encoding TS1) on input line 132.
LaTeX Encoding Info:    Redeclaring text symbol \textdagger (encoding TS1) on input line 133.
LaTeX Encoding Info:    Redeclaring text symbol \textdaggerdbl (encoding TS1) on input line 134.
LaTeX Encoding Info:    Redeclaring text symbol \textbardbl (encoding TS1) on input line 135.
LaTeX Encoding Info:    Redeclaring text symbol \textperthousand (encoding TS1) on input line 136.
LaTeX Encoding Info:    Redeclaring text symbol \textbullet (encoding TS1) on input line 137.
LaTeX Encoding Info:    Redeclaring text symbol \textcelsius (encoding TS1) on input line 138.
LaTeX Encoding Info:    Redeclaring text symbol \textdollaroldstyle (encoding TS1) on input line 139.
LaTeX Encoding Info:    Redeclaring text symbol \textcentoldstyle (encoding TS1) on input line 140.
LaTeX Encoding Info:    Redeclaring text symbol \textflorin (encoding TS1) on input line 141.
LaTeX Encoding Info:    Redeclaring text symbol \textcolonmonetary (encoding TS1) on input line 142.
LaTeX Encoding Info:    Redeclaring text symbol \textwon (encoding TS1) on input line 143.
LaTeX Encoding Info:    Redeclaring text symbol \textnaira (encoding TS1) on input line 144.
LaTeX Encoding Info:    Redeclaring text symbol \textguarani (encoding TS1) on input line 145.
LaTeX Encoding Info:    Redeclaring text symbol \textpeso (encoding TS1) on input line 146.
LaTeX Encoding Info:    Redeclaring text symbol \textlira (encoding TS1) on input line 147.
LaTeX Encoding Info:    Redeclaring text symbol \textrecipe (encoding TS1) on input line 148.
LaTeX Encoding Info:    Redeclaring text symbol \textinterrobang (encoding TS1) on input line 149.
LaTeX Encoding Info:    Redeclaring text symbol \textinterrobangdown (encoding TS1) on input line 150.
LaTeX Encoding Info:    Redeclaring text symbol \textdong (encoding TS1) on input line 151.
LaTeX Encoding Info:    Redeclaring text symbol \texttrademark (encoding TS1) on input line 152.
LaTeX Encoding Info:    Redeclaring text symbol \textpertenthousand (encoding TS1) on input line 153.
LaTeX Encoding Info:    Redeclaring text symbol \textpilcrow (encoding TS1) on input line 154.
LaTeX Encoding Info:    Redeclaring text symbol \textbaht (encoding TS1) on input line 155.
LaTeX Encoding Info:    Redeclaring text symbol \textnumero (encoding TS1) on input line 156.
LaTeX Encoding Info:    Redeclaring text symbol \textdiscount (encoding TS1) on input line 157.
LaTeX Encoding Info:    Redeclaring text symbol \textestimated (encoding TS1) on input line 158.
LaTeX Encoding Info:    Redeclaring text symbol \textopenbullet (encoding TS1) on input line 159.
LaTeX Encoding Info:    Redeclaring text symbol \textservicemark (encoding TS1) on input line 160.
LaTeX Encoding Info:    Redeclaring text symbol \textlquill (encoding TS1) on input line 161.
LaTeX Encoding Info:    Redeclaring text symbol \textrquill (encoding TS1) on input line 162.
LaTeX Encoding Info:    Redeclaring text symbol \textcent (encoding TS1) on input line 163.
LaTeX Encoding Info:    Redeclaring text symbol \textsterling (encoding TS1) on input line 164.
LaTeX Encoding Info:    Redeclaring text symbol \textcurrency (encoding TS1) on input line 165.
LaTeX Encoding Info:    Redeclaring text symbol \textyen (encoding TS1) on input line 166.
LaTeX Encoding Info:    Redeclaring text symbol \textbrokenbar (encoding TS1) on input line 167.
LaTeX Encoding Info:    Redeclaring text symbol \textsection (encoding TS1) on input line 168.
LaTeX Encoding Info:    Redeclaring text symbol \textasciidieresis (encoding TS1) on input line 169.
LaTeX Encoding Info:    Redeclaring text symbol \textcopyright (encoding TS1) on input line 170.
LaTeX Encoding Info:    Redeclaring text symbol \textordfeminine (encoding TS1) on input line 171.
LaTeX Encoding Info:    Redeclaring text symbol \textcopyleft (encoding TS1) on input line 172.
LaTeX Encoding Info:    Redeclaring text symbol \textlnot (encoding TS1) on input line 173.
LaTeX Encoding Info:    Redeclaring text symbol \textcircledP (encoding TS1) on input line 174.
LaTeX Encoding Info:    Redeclaring text symbol \textregistered (encoding TS1) on input line 175.
LaTeX Encoding Info:    Redeclaring text symbol \textasciimacron (encoding TS1) on input line 176.
LaTeX Encoding Info:    Redeclaring text symbol \textdegree (encoding TS1) on input line 177.
LaTeX Encoding Info:    Redeclaring text symbol \textpm (encoding TS1) on input line 178.
LaTeX Encoding Info:    Redeclaring text symbol \texttwosuperior (encoding TS1) on input line 179.
LaTeX Encoding Info:    Redeclaring text symbol \textthreesuperior (encoding TS1) on input line 180.
LaTeX Encoding Info:    Redeclaring text symbol \textasciiacute (encoding TS1) on input line 181.
LaTeX Encoding Info:    Redeclaring text symbol \textmu (encoding TS1) on input line 182.
LaTeX Encoding Info:    Redeclaring text symbol \textparagraph (encoding TS1) on input line 183.
LaTeX Encoding Info:    Redeclaring text symbol \textperiodcentered (encoding TS1) on input line 184.
LaTeX Encoding Info:    Redeclaring text symbol \textreferencemark (encoding TS1) on input line 185.
LaTeX Encoding Info:    Redeclaring text symbol \textonesuperior (encoding TS1) on input line 186.
LaTeX Encoding Info:    Redeclaring text symbol \textordmasculine (encoding TS1) on input line 187.
LaTeX Encoding Info:    Redeclaring text symbol \textsurd (encoding TS1) on input line 188.
LaTeX Encoding Info:    Redeclaring text symbol \textonequarter (encoding TS1) on input line 189.
LaTeX Encoding Info:    Redeclaring text symbol \textonehalf (encoding TS1) on input line 190.
LaTeX Encoding Info:    Redeclaring text symbol \textthreequarters (encoding TS1) on input line 191.
LaTeX Encoding Info:    Redeclaring text symbol \texteuro (encoding TS1) on input line 192.
LaTeX Encoding Info:    Redeclaring text symbol \texttimes (encoding TS1) on input line 193.
LaTeX Encoding Info:    Redeclaring text symbol \textdiv (encoding TS1) on input line 194.
))
\l__ctex_tmp_int=\count317
\l__ctex_tmp_box=\box54
\l__ctex_tmp_dim=\dimen166
\g__ctex_section_depth_int=\count318
\g__ctex_font_size_int=\count319
 (d:/texlive/2026/texmf-dist/tex/latex/ctex/config/ctexopts.cfg
File: ctexopts.cfg 2022/07/14 v2.5.10 Option configuration file (CTEX)
) (d:/texlive/2026/texmf-dist/tex/latex/ctex/engine/ctex-engine-xetex.def
File: ctex-engine-xetex.def 2022/07/14 v2.5.10 XeLaTeX adapter (CTEX)
 (d:/texlive/2026/texmf-dist/tex/xelatex/xecjk/xeCJK.sty
Package: xeCJK 2022/08/05 v3.9.1 Typesetting CJK scripts with XeLaTeX
 (d:/texlive/2026/texmf-dist/tex/latex/l3packages/xtemplate/xtemplate.sty
Package: xtemplate 2025-10-09 L3 Experimental prototype document functions
)
\l__xeCJK_tmp_int=\count320
\l__xeCJK_tmp_box=\box55
\l__xeCJK_tmp_dim=\dimen167
\l__xeCJK_tmp_skip=\skip52
\g__xeCJK_space_factor_int=\count321
\l__xeCJK_begin_int=\count322
\l__xeCJK_end_int=\count323
\c__xeCJK_CJK_class_int=\XeTeXcharclass1
\c__xeCJK_FullLeft_class_int=\XeTeXcharclass2
\c__xeCJK_FullRight_class_int=\XeTeXcharclass3
\c__xeCJK_HalfLeft_class_int=\XeTeXcharclass4
\c__xeCJK_HalfRight_class_int=\XeTeXcharclass5
\c__xeCJK_NormalSpace_class_int=\XeTeXcharclass6
\c__xeCJK_CM_class_int=\XeTeXcharclass7
\c__xeCJK_HangulJamo_class_int=\XeTeXcharclass8
\l__xeCJK_last_skip=\skip53
\c__xeCJK_none_node=\count324
\g__xeCJK_node_int=\count325
\c__xeCJK_CJK_node_dim=\dimen168
\c__xeCJK_CJK-space_node_dim=\dimen169
\c__xeCJK_default_node_dim=\dimen170
\c__xeCJK_CJK-widow_node_dim=\dimen171
\c__xeCJK_normalspace_node_dim=\dimen172
\c__xeCJK_default-space_node_skip=\skip54
\l__xeCJK_ccglue_skip=\skip55
\l__xeCJK_ecglue_skip=\skip56
\l__xeCJK_punct_kern_skip=\skip57
\l__xeCJK_indent_box=\box56
\l__xeCJK_last_penalty_int=\count326
\l__xeCJK_last_bound_dim=\dimen173
\l__xeCJK_last_kern_dim=\dimen174
\l__xeCJK_widow_penalty_int=\count327

LaTeX template Info: Declaring template type 'xeCJK/punctuation' taking 0
(template)           argument(s) on line 2396.

\l__xeCJK_fixed_punct_width_dim=\dimen175
\l__xeCJK_mixed_punct_width_dim=\dimen176
\l__xeCJK_middle_punct_width_dim=\dimen177
\l__xeCJK_fixed_margin_width_dim=\dimen178
\l__xeCJK_mixed_margin_width_dim=\dimen179
\l__xeCJK_middle_margin_width_dim=\dimen180
\l__xeCJK_bound_punct_width_dim=\dimen181
\l__xeCJK_bound_margin_width_dim=\dimen182
\l__xeCJK_margin_minimum_dim=\dimen183
\l__xeCJK_kerning_total_width_dim=\dimen184
\l__xeCJK_same_align_margin_dim=\dimen185
\l__xeCJK_different_align_margin_dim=\dimen186
\l__xeCJK_kerning_margin_width_dim=\dimen187
\l__xeCJK_kerning_margin_minimum_dim=\dimen188
\l__xeCJK_bound_dim=\dimen189
\l__xeCJK_reverse_bound_dim=\dimen190
\l__xeCJK_margin_dim=\dimen191
\l__xeCJK_minimum_bound_dim=\dimen192
\l__xeCJK_kerning_margin_dim=\dimen193
\g__xeCJK_family_int=\count328
\l__xeCJK_fam_int=\count329
\g__xeCJK_fam_allocation_int=\count330
\l__xeCJK_verb_case_int=\count331
\l__xeCJK_verb_exspace_skip=\skip58
 (d:/texlive/2026/texmf-dist/tex/xelatex/xecjk/xeCJK.cfg
File: xeCJK.cfg 2022/08/05 v3.9.1 Configuration file for xeCJK package
))
\ccwd=\dimen194
\l__ctex_ccglue_skip=\skip59
)
\l__ctex_ziju_dim=\dimen195
 (d:/texlive/2026/texmf-dist/tex/latex/zhnumber/zhnumber.sty
Package: zhnumber 2022/07/14 v3.0 Typesetting numbers with Chinese glyphs
\l__zhnum_scale_int=\count332
\l__zhnum_tmp_int=\count333
 (d:/texlive/2026/texmf-dist/tex/latex/zhnumber/zhnumber-utf8.cfg
File: zhnumber-utf8.cfg 2022/07/14 v3.0 Chinese numerals with UTF8 encoding
)) (d:/texlive/2026/texmf-dist/tex/latex/ctex/scheme/ctex-scheme-plain.def
File: ctex-scheme-plain.def 2022/07/14 v2.5.10 Plain scheme for generic (CTEX)
) (d:/texlive/2026/texmf-dist/tex/latex/ctex/fontset/ctex-fontset-windows.def
File: ctex-fontset-windows.def 2022/07/14 v2.5.10 Windows fonts definition (CTEX)
)) (d:/texlive/2026/texmf-dist/tex/latex/ctex/config/ctex.cfg
File: ctex.cfg 2022/07/14 v2.5.10 Configuration file (CTEX)
) (d:/texlive/2026/texmf-dist/tex/latex/anyfontsize/anyfontsize.sty
Invalid UTF-8 byte or sequence at line 3 replaced by U+FFFD.
Invalid UTF-8 byte or sequence at line 3 replaced by U+FFFD.
Package: anyfontsize 2007/11/22 anyfontsize.sty by pts
) (d:/texlive/2026/texmf-dist/tex/latex/xcolor/xcolor.sty
Package: xcolor 2024/09/29 v3.02 LaTeX color extensions (UK)
 (d:/texlive/2026/texmf-dist/tex/latex/graphics-cfg/color.cfg
File: color.cfg 2016/01/02 v1.6 sample color configuration
)
Package xcolor Info: Driver file: xetex.def on input line 274.
 (d:/texlive/2026/texmf-dist/tex/latex/graphics-def/xetex.def
File: xetex.def 2025/11/01 v5.0p Graphics/color driver for xetex
) (d:/texlive/2026/texmf-dist/tex/latex/graphics/mathcolor.ltx)
Package xcolor Info: Model `cmy' substituted by `cmy0' on input line 1349.
Package xcolor Info: Model `RGB' extended on input line 1365.
Package xcolor Info: Model `HTML' substituted by `rgb' on input line 1367.
Package xcolor Info: Model `Hsb' substituted by `hsb' on input line 1368.
Package xcolor Info: Model `tHsb' substituted by `hsb' on input line 1369.
Package xcolor Info: Model `HSB' substituted by `hsb' on input line 1370.
Package xcolor Info: Model `Gray' substituted by `gray' on input line 1371.
Package xcolor Info: Model `wave' substituted by `hsb' on input line 1372.
) (d:/texlive/2026/texmf-dist/tex/latex/colortbl/colortbl.sty
Package: colortbl 2024/10/29 v1.0k Color table columns (DPC)
 (d:/texlive/2026/texmf-dist/tex/latex/tools/array.sty
Package: array 2025/09/25 v2.6n Tabular extension package (FMi)
\col@sep=\dimen196
\ar@mcellbox=\box57
\extrarowheight=\dimen197
\NC@list=\toks20
\extratabsurround=\skip60
\backup@length=\skip61
\ar@cellbox=\box58
)
\everycr=\toks21
\minrowclearance=\skip62
\rownum=\count334
) (d:/texlive/2026/texmf-dist/tex/latex/mwe/mwe.sty
Package: mwe 2018/03/30 v0.5 Package to support minimal working examples (MWE)
 (d:/texlive/2026/texmf-dist/tex/latex/graphics/graphicx.sty
Package: graphicx 2024/12/31 v1.2e Enhanced LaTeX Graphics (DPC,SPQR)
 (d:/texlive/2026/texmf-dist/tex/latex/graphics/graphics.sty
Package: graphics 2024/08/06 v1.4g Standard LaTeX Graphics (DPC,SPQR)
 (d:/texlive/2026/texmf-dist/tex/latex/graphics/trig.sty
Package: trig 2023/12/02 v1.11 sin cos tan (DPC)
) (d:/texlive/2026/texmf-dist/tex/latex/graphics-cfg/graphics.cfg
File: graphics.cfg 2016/06/04 v1.11 sample graphics configuration
)
Package graphics Info: Driver file: xetex.def on input line 106.
)
\Gin@req@height=\dimen198
\Gin@req@width=\dimen199
) (d:/texlive/2026/texmf-dist/tex/latex/lipsum/lipsum.sty (d:/texlive/2026/texmf-dist/tex/latex/l3packages/l3keys2e/l3keys2e.sty
Package: l3keys2e 2025-10-09 LaTeX2e option processing using LaTeX3 keys
)
Package: lipsum 2021-09-20 v2.7 150 paragraphs of Lorem Ipsum dummy text
\g__lipsum_par_int=\count335
\l__lipsum_a_int=\count336
\l__lipsum_b_int=\count337
 (d:/texlive/2026/texmf-dist/tex/latex/lipsum/lipsum.ltd.tex)) (d:/texlive/2026/texmf-dist/tex/latex/blindtext/blindtext.sty
Package: blindtext 2012/01/06 V2.0 blindtext-Package
 (d:/texlive/2026/texmf-dist/tex/latex/tools/xspace.sty
Package: xspace 2014/10/28 v1.13 Space after command names (DPC,MH)
)
\c@blindtext=\count338
\c@Blindtext=\count339
\c@blind@countparstart=\count340
\blind@countxx=\count341
\blindtext@numBlindtext=\count342
\blind@countyy=\count343
\c@blindlist=\count344
\c@blindlistlevel=\count345
\c@blindlist@level=\count346
\blind@listitem=\count347
\c@blind@listcount=\count348
\c@blind@levelcount=\count349
\blind@mathformula=\count350
\blind@Mathformula=\count351
\c@blind@randomcount=\count352
\c@blind@randommax=\count353
\c@blind@pangramcount=\count354
\c@blind@pangrammax=\count355
)) (d:/texlive/2026/texmf-dist/tex/latex/tools/enumerate.sty
Package: enumerate 2023/07/04 v3.00 enumerate extensions (DPC)
\@enLab=\toks22
) (d:/texlive/2026/texmf-dist/tex/latex/enumitem/enumitem.sty
Package: enumitem 2025/02/06 v3.11 Customized lists
\labelindent=\skip63
\enit@outerparindent=\dimen256
\enit@toks=\toks23
\enit@inbox=\box59
\enit@count@id=\count356
\enitdp@description=\count357
) (d:/texlive/2026/texmf-dist/tex/latex/caption/caption.sty
Package: caption 2023/08/05 v3.6o Customizing captions (AR)
 (d:/texlive/2026/texmf-dist/tex/latex/caption/caption3.sty
Package: caption3 2023/07/31 v2.4d caption3 kernel (AR)
\caption@tempdima=\dimen257
\captionmargin=\dimen258
\caption@leftmargin=\dimen259
\caption@rightmargin=\dimen260
\caption@width=\dimen261
\caption@indent=\dimen262
\caption@parindent=\dimen263
\caption@hangindent=\dimen264
Package caption Info: Standard document class detected.
)
\c@caption@flags=\count358
\c@continuedfloat=\count359
Package caption Info: hyperref package is loaded.
) (d:/texlive/2026/texmf-dist/tex/latex/amsmath/amsmath.sty
Package: amsmath 2025/07/09 v2.17z AMS math features
\@mathmargin=\skip64

For additional information on amsmath, use the `?' option.
(d:/texlive/2026/texmf-dist/tex/latex/amsmath/amstext.sty
Package: amstext 2024/11/17 v2.01 AMS text
 (d:/texlive/2026/texmf-dist/tex/latex/amsmath/amsgen.sty
File: amsgen.sty 1999/11/30 v2.0 generic functions
\@emptytoks=\toks24
\ex@=\dimen265
)) (d:/texlive/2026/texmf-dist/tex/latex/amsmath/amsbsy.sty
Package: amsbsy 1999/11/29 v1.2d Bold Symbols
\pmbraise@=\dimen266
) (d:/texlive/2026/texmf-dist/tex/latex/amsmath/amsopn.sty
Package: amsopn 2022/04/08 v2.04 operator names
)
\inf@bad=\count360
LaTeX Info: Redefining \frac on input line 233.
\uproot@=\count361
\leftroot@=\count362
LaTeX Info: Redefining \overline on input line 398.
LaTeX Info: Redefining \colon on input line 409.
\classnum@=\count363
\DOTSCASE@=\count364
LaTeX Info: Redefining \ldots on input line 495.
LaTeX Info: Redefining \dots on input line 498.
LaTeX Info: Redefining \cdots on input line 619.
\Mathstrutbox@=\box60
\strutbox@=\box61
LaTeX Info: Redefining \big on input line 721.
LaTeX Info: Redefining \Big on input line 722.
LaTeX Info: Redefining \bigg on input line 723.
LaTeX Info: Redefining \Bigg on input line 724.
\big@size=\dimen267
LaTeX Font Info:    Redeclaring font encoding OML on input line 742.
LaTeX Font Info:    Redeclaring font encoding OMS on input line 743.
\macc@depth=\count365
LaTeX Info: Redefining \bmod on input line 904.
LaTeX Info: Redefining \pmod on input line 909.
LaTeX Info: Redefining \smash on input line 939.
LaTeX Info: Redefining \relbar on input line 969.
LaTeX Info: Redefining \Relbar on input line 970.
\c@MaxMatrixCols=\count366
\dotsspace@=\muskip18
\c@parentequation=\count367
\dspbrk@lvl=\count368
\tag@help=\toks25
\row@=\count369
\column@=\count370
\maxfields@=\count371
\andhelp@=\toks26
\eqnshift@=\dimen268
\alignsep@=\dimen269
\tagshift@=\dimen270
\tagwidth@=\dimen271
\totwidth@=\dimen272
\lineht@=\dimen273
\@envbody=\toks27
\multlinegap=\skip65
\multlinetaggap=\skip66
\mathdisplay@stack=\toks28
LaTeX Info: Redefining \[ on input line 2950.
LaTeX Info: Redefining \] on input line 2951.
) (d:/texlive/2026/texmf-dist/tex/latex/jknapltx/mathrsfs.sty
Package: mathrsfs 1996/01/01 Math RSFS package v1.0 (jk)
\symrsfs=\mathgroup4
) (d:/texlive/2026/texmf-dist/tex/latex/amsfonts/amsfonts.sty
Package: amsfonts 2013/01/14 v3.01 Basic AMSFonts support
\symAMSa=\mathgroup5
\symAMSb=\mathgroup6
LaTeX Font Info:    Redeclaring math symbol \hbar on input line 98.
LaTeX Font Info:    Overwriting math alphabet `\mathfrak' in version `bold'
(Font)                  U/euf/m/n --> U/euf/b/n on input line 106.
) (d:/texlive/2026/texmf-dist/tex/latex/amsfonts/amssymb.sty
Package: amssymb 2013/01/14 v3.01 AMS font symbols
) (d:/texlive/2026/texmf-dist/tex/latex/booktabs/booktabs.sty
Package: booktabs 2020/01/12 v1.61803398 Publication quality tables
\heavyrulewidth=\dimen274
\lightrulewidth=\dimen275
\cmidrulewidth=\dimen276
\belowrulesep=\dimen277
\belowbottomsep=\dimen278
\aboverulesep=\dimen279
\abovetopsep=\dimen280
\cmidrulesep=\dimen281
\cmidrulekern=\dimen282
\defaultaddspace=\dimen283
\@cmidla=\count372
\@cmidlb=\count373
\@aboverulesep=\dimen284
\@belowrulesep=\dimen285
\@thisruleclass=\count374
\@lastruleclass=\count375
\@thisrulewidth=\dimen286
) (d:/texlive/2026/texmf-dist/tex/latex/tools/multicol.sty
Package: multicol 2025/10/21 v2.0b multicolumn formatting (FMi)
\c@tracingmulticols=\count376
\mult@box=\box62
\multicol@leftmargin=\dimen287
\c@unbalance=\count377
\c@collectmore=\count378
\doublecol@number=\count379
\multicoltolerance=\count380
\multicolpretolerance=\count381
\full@width=\dimen288
\page@free=\dimen289
\premulticols=\dimen290
\postmulticols=\dimen291
\multicolsep=\skip67
\multicolbaselineskip=\skip68
\partial@page=\box63
\last@line=\box64
\mc@boxedresult=\box65
\maxbalancingoverflow=\dimen292
\mult@rightbox=\box66
\mult@grightbox=\box67
\mult@firstbox=\box68
\mult@gfirstbox=\box69
\@tempa=\box70
\@tempa=\box71
\@tempa=\box72
\@tempa=\box73
\@tempa=\box74
\@tempa=\box75
\@tempa=\box76
\@tempa=\box77
\@tempa=\box78
\@tempa=\box79
\@tempa=\box80
\@tempa=\box81
\@tempa=\box82
\@tempa=\box83
\@tempa=\box84
\@tempa=\box85
\@tempa=\box86
\@tempa=\box87
\@tempa=\box88
\@tempa=\box89
\@tempa=\box90
\@tempa=\box91
\@tempa=\box92
\@tempa=\box93
\@tempa=\box94
\@tempa=\box95
\@tempa=\box96
\@tempa=\box97
\@tempa=\box98
\@tempa=\box99
\@tempa=\box100
\@tempa=\box101
\@tempa=\box102
\@tempa=\box103
\@tempa=\box104
\@tempa=\box105
\c@minrows=\count382
\c@columnbadness=\count383
\c@finalcolumnbadness=\count384
\last@try=\dimen293
\multicolovershoot=\dimen294
\multicolundershoot=\dimen295
\mult@nat@firstbox=\box106
\colbreak@box=\box107
\mc@col@check@num=\count385
\g__mc_curr_col_int=\count386
) (d:/texlive/2026/texmf-dist/tex/latex/multirow/multirow.sty
Package: multirow 2024/11/12 v2.9 Span multiple rows of a table
\multirow@colwidth=\skip69
\multirow@cntb=\count387
\multirow@dima=\skip70
\bigstrutjot=\dimen296
) (d:/texlive/2026/texmf-dist/tex/latex/fancyvrb/fancyvrb.sty
Package: fancyvrb 2025/07/28 4.6 verbatim text (tvz,hv)
\FV@CodeLineNo=\count388
\FV@InFile=\read2
\FV@TabBox=\box108
\c@FancyVerbLine=\count389
\FV@StepNumber=\count390
\FV@OutFile=\write4
) (d:/texlive/2026/texmf-dist/tex/latex/makecell/makecell.sty
Package: makecell 2009/08/03 V0.1e Managing of Tab Column Heads and Cells
\rotheadsize=\dimen297
\c@nlinenum=\count391
\TeXr@lab=\toks29
) (d:/texlive/2026/texmf-dist/tex/generic/hologo/hologo.sty
Package: hologo 2025-11-11 v1.16 A logo collection with bookmark support (HO)
) (d:/texlive/2026/texmf-dist/tex/latex/titlesec/titlesec.sty
Package: titlesec 2025/01/04 v2.17 Sectioning titles
\ttl@box=\box109
\beforetitleunit=\skip71
\aftertitleunit=\skip72
\ttl@plus=\dimen298
\ttl@minus=\dimen299
\ttl@toksa=\toks30
\titlewidth=\dimen300
\titlewidthlast=\dimen301
\titlewidthfirst=\dimen302
 (d:/texlive/2026/texmf-dist/tex/latex/titlesec/titleps.sty)) (d:/texlive/2026/texmf-dist/tex/latex/appendix/appendix.sty
Package: appendix 2020/02/08 v1.2c extra appendix facilities
\c@@pps=\count392
\c@@ppsavesec=\count393
\c@@ppsaveapp=\count394
) (d:/texlive/2026/texmf-dist/tex/latex/biblatex/biblatex.sty
Package: biblatex 2025/07/10 v3.21 programmable bibliographies (PK/MW)
 (d:/texlive/2026/texmf-dist/tex/latex/logreq/logreq.sty
Package: logreq 2010/08/04 v1.0 xml request logger
\lrq@indent=\count395
 (d:/texlive/2026/texmf-dist/tex/latex/logreq/logreq.def
File: logreq.def 2010/08/04 v1.0 logreq spec v1.0
)) (d:/texlive/2026/texmf-dist/tex/latex/base/ifthen.sty
Package: ifthen 2024/03/16 v1.1e Standard LaTeX ifthen package (DPC)
)
\c@tabx@nest=\count396
\c@listtotal=\count397
\c@listcount=\count398
\c@liststart=\count399
\c@liststop=\count400
\c@citecount=\count401
\c@citetotal=\count402
\c@multicitecount=\count403
\c@multicitetotal=\count404
\c@instcount=\count405
\c@maxnames=\count406
\c@minnames=\count407
\c@maxitems=\count408
\c@minitems=\count409
\c@citecounter=\count410
\c@maxcitecounter=\count411
\c@savedcitecounter=\count412
\c@uniquelist=\count413
\c@uniquename=\count414
\c@refsection=\count415
\c@refsegment=\count416
\c@maxextratitle=\count417
\c@maxextratitleyear=\count418
\c@maxextraname=\count419
\c@maxextradate=\count420
\c@maxextraalpha=\count421
\c@abbrvpenalty=\count422
\c@highnamepenalty=\count423
\c@lownamepenalty=\count424
\c@maxparens=\count425
\c@parenlevel=\count426
\blx@tempcnta=\count427
\blx@tempcntb=\count428
\blx@tempcntc=\count429
\c@blx@maxsection=\count430
\blx@maxsegment@0=\count431
\blx@notetype=\count432
\blx@parenlevel@text=\count433
\blx@parenlevel@foot=\count434
\blx@sectionciteorder@0=\count435
\blx@sectionciteorderinternal@0=\count436
\blx@entrysetcounter=\count437
\blx@biblioinstance=\count438
\labelnumberwidth=\skip73
\labelalphawidth=\skip74
\biblabelsep=\skip75
\bibitemsep=\skip76
\bibnamesep=\skip77
\bibinitsep=\skip78
\bibparsep=\skip79
\bibhang=\skip80
\blx@bcfin=\read3
\blx@bcfout=\write5
\blx@langwohyphens=\language91
\c@mincomprange=\count439
\c@maxcomprange=\count440
\c@mincompwidth=\count441
Package biblatex Info: Trying to load biblatex default data model...
Package biblatex Info: ... file 'blx-dm.def' found.
 (d:/texlive/2026/texmf-dist/tex/latex/biblatex/blx-dm.def
File: blx-dm.def 2025/07/10 v3.21 biblatex datamodel (PK/MW)
)
Package biblatex Info: Trying to load biblatex citestyle data model...
Package biblatex Info: ... file 'numeric-comp.dbx' not found.
Package biblatex Info: Trying to load biblatex bibstyle data model...
Package biblatex Info: ... file 'numeric.dbx' not found.
Package biblatex Info: Trying to load biblatex custom data model...
Package biblatex Info: ... file 'biblatex-dm.cfg' not found.
\c@afterword=\count442
\c@savedafterword=\count443
\c@annotator=\count444
\c@savedannotator=\count445
\c@author=\count446
\c@savedauthor=\count447
\c@bookauthor=\count448
\c@savedbookauthor=\count449
\c@commentator=\count450
\c@savedcommentator=\count451
\c@editor=\count452
\c@savededitor=\count453
\c@editora=\count454
\c@savededitora=\count455
\c@editorb=\count456
\c@savededitorb=\count457
\c@editorc=\count458
\c@savededitorc=\count459
\c@foreword=\count460
\c@savedforeword=\count461
\c@holder=\count462
\c@savedholder=\count463
\c@introduction=\count464
\c@savedintroduction=\count465
\c@namea=\count466
\c@savednamea=\count467
\c@nameb=\count468
\c@savednameb=\count469
\c@namec=\count470
\c@savednamec=\count471
\c@translator=\count472
\c@savedtranslator=\count473
\c@shortauthor=\count474
\c@savedshortauthor=\count475
\c@shorteditor=\count476
\c@savedshorteditor=\count477
\c@labelname=\count478
\c@savedlabelname=\count479
\c@institution=\count480
\c@savedinstitution=\count481
\c@lista=\count482
\c@savedlista=\count483
\c@listb=\count484
\c@savedlistb=\count485
\c@listc=\count486
\c@savedlistc=\count487
\c@listd=\count488
\c@savedlistd=\count489
\c@liste=\count490
\c@savedliste=\count491
\c@listf=\count492
\c@savedlistf=\count493
\c@location=\count494
\c@savedlocation=\count495
\c@organization=\count496
\c@savedorganization=\count497
\c@origlocation=\count498
\c@savedoriglocation=\count499
\c@origpublisher=\count500
\c@savedorigpublisher=\count501
\c@publisher=\count502
\c@savedpublisher=\count503
\c@language=\count504
\c@savedlanguage=\count505
\c@origlanguage=\count506
\c@savedoriglanguage=\count507
\c@pageref=\count508
\c@savedpageref=\count509
\shorthandwidth=\skip81
\shortjournalwidth=\skip82
\shortserieswidth=\skip83
\shorttitlewidth=\skip84
\shortauthorwidth=\skip85
\shorteditorwidth=\skip86
\locallabelnumberwidth=\skip87
\locallabelalphawidth=\skip88
\localshorthandwidth=\skip89
\localshortjournalwidth=\skip90
\localshortserieswidth=\skip91
\localshorttitlewidth=\skip92
\localshortauthorwidth=\skip93
\localshorteditorwidth=\skip94
Package biblatex Info: Trying to load enhanced support for Unicode engines...
Package biblatex Info: ... file 'blx-unicode.def' found.
 (d:/texlive/2026/texmf-dist/tex/latex/biblatex/blx-unicode.def)
Package biblatex Info: Trying to load compatibility code...
Package biblatex Info: ... file 'blx-compat.def' found.
 (d:/texlive/2026/texmf-dist/tex/latex/biblatex/blx-compat.def
File: blx-compat.def 2025/07/10 v3.21 biblatex compatibility (PK/MW)
)
Package biblatex Info: Trying to load generic definitions...
Package biblatex Info: ... file 'biblatex.def' found.
 (d:/texlive/2026/texmf-dist/tex/latex/biblatex/biblatex.def
File: biblatex.def 2025/07/10 v3.21 biblatex compatibility (PK/MW)
\c@textcitecount=\count510
\c@textcitetotal=\count511
\c@textcitemaxnames=\count512
\c@biburlbigbreakpenalty=\count513
\c@biburlbreakpenalty=\count514
\c@biburlnumpenalty=\count515
\c@biburlucpenalty=\count516
\c@biburllcpenalty=\count517
\biburlbigskip=\muskip19
\biburlnumskip=\muskip20
\biburlucskip=\muskip21
\biburllcskip=\muskip22
\c@smartand=\count518
)
Package biblatex Info: Trying to load bibliography style 'numeric'...
Package biblatex Info: ... file 'numeric.bbx' found.
 (d:/texlive/2026/texmf-dist/tex/latex/biblatex/bbx/numeric.bbx
File: numeric.bbx 2025/07/10 v3.21 biblatex bibliography style (PK/MW)
Package biblatex Info: Trying to load bibliography style 'standard'...
Package biblatex Info: ... file 'standard.bbx' found.
 (d:/texlive/2026/texmf-dist/tex/latex/biblatex/bbx/standard.bbx
File: standard.bbx 2025/07/10 v3.21 biblatex bibliography style (PK/MW)
\c@bbx:relatedcount=\count519
\c@bbx:relatedtotal=\count520
))
Package biblatex Info: Trying to load citation style 'numeric-comp'...
Package biblatex Info: ... file 'numeric-comp.cbx' found.
 (d:/texlive/2026/texmf-dist/tex/latex/biblatex/cbx/numeric-comp.cbx
File: numeric-comp.cbx 2025/07/10 v3.21 biblatex citation style (PK/MW)
\c@cbx@tempcnta=\count521
\c@cbx@tempcntb=\count522
\c@cbx@tempcntc=\count523
\c@cbx@tempcntd=\count524
Package biblatex Info: Redefining '\cite'.
Package biblatex Info: Redefining '\parencite'.
Package biblatex Info: Redefining '\footcite'.
Package biblatex Info: Redefining '\footcitetext'.
Package biblatex Info: Redefining '\smartcite'.
Package biblatex Info: Redefining '\supercite'.
Package biblatex Info: Redefining '\textcite'.
Package biblatex Info: Redefining '\textcites'.
Package biblatex Info: Redefining '\cites'.
Package biblatex Info: Redefining '\parencites'.
Package biblatex Info: Redefining '\smartcites'.
)
Package biblatex Info: Trying to load configuration file...
Package biblatex Info: ... file 'biblatex.cfg' found.
 (d:/texlive/2026/texmf-dist/tex/latex/biblatex/biblatex.cfg
File: biblatex.cfg 
)
Package biblatex Info: XeTeX detected.
(biblatex)             Assuming input encoding 'utf8'.
Package biblatex Info: Document encoding is UTF8 ....
Package biblatex Info: ... and expl3
(biblatex)             2026-03-20 L3 programming layer (loader) 
(biblatex)             is new enough (at least 2020/04/06),
(biblatex)             setting 'casechanger=expl3'.
 (d:/texlive/2026/texmf-dist/tex/latex/biblatex/blx-case-expl3.sty
Package: blx-case-expl3 2025/07/10 v3.21 expl3 case changing code for biblatex
)) (d:/texlive/2026/texmf-dist/tex/latex/pgf/frontendlayer/tikz.sty (d:/texlive/2026/texmf-dist/tex/latex/pgf/basiclayer/pgf.sty (d:/texlive/2026/texmf-dist/tex/latex/pgf/utilities/pgfrcs.sty (d:/texlive/2026/texmf-dist/tex/generic/pgf/utilities/pgfutil-common.tex
\pgfutil@everybye=\toks31
\pgfutil@tempdima=\dimen303
\pgfutil@tempdimb=\dimen304
) (d:/texlive/2026/texmf-dist/tex/generic/pgf/utilities/pgfutil-latex.def
\pgfutil@abb=\box110
) (d:/texlive/2026/texmf-dist/tex/generic/pgf/utilities/pgfrcs.code.tex (d:/texlive/2026/texmf-dist/tex/generic/pgf/pgf.revision.tex)
Package: pgfrcs 2025-08-29 v3.1.11a (3.1.11a)
))
Package: pgf 2025-08-29 v3.1.11a (3.1.11a)
 (d:/texlive/2026/texmf-dist/tex/latex/pgf/basiclayer/pgfcore.sty (d:/texlive/2026/texmf-dist/tex/latex/pgf/systemlayer/pgfsys.sty (d:/texlive/2026/texmf-dist/tex/generic/pgf/systemlayer/pgfsys.code.tex
Package: pgfsys 2025-08-29 v3.1.11a (3.1.11a)
 (d:/texlive/2026/texmf-dist/tex/generic/pgf/utilities/pgfkeys.code.tex
\pgfkeys@pathtoks=\toks32
\pgfkeys@temptoks=\toks33
 (d:/texlive/2026/texmf-dist/tex/generic/pgf/utilities/pgfkeyslibraryfiltered.code.tex
\pgfkeys@tmptoks=\toks34
))
\pgf@x=\dimen305
\pgf@y=\dimen306
\pgf@xa=\dimen307
\pgf@ya=\dimen308
\pgf@xb=\dimen309
\pgf@yb=\dimen310
\pgf@xc=\dimen311
\pgf@yc=\dimen312
\pgf@xd=\dimen313
\pgf@yd=\dimen314
\w@pgf@writea=\write6
\r@pgf@reada=\read4
\c@pgf@counta=\count525
\c@pgf@countb=\count526
\c@pgf@countc=\count527
\c@pgf@countd=\count528
\t@pgf@toka=\toks35
\t@pgf@tokb=\toks36
\t@pgf@tokc=\toks37
\pgf@sys@id@count=\count529
 (d:/texlive/2026/texmf-dist/tex/generic/pgf/systemlayer/pgf.cfg
File: pgf.cfg 2025-08-29 v3.1.11a (3.1.11a)
)
Driver file for pgf: pgfsys-xetex.def
 (d:/texlive/2026/texmf-dist/tex/generic/pgf/systemlayer/pgfsys-xetex.def
File: pgfsys-xetex.def 2025-08-29 v3.1.11a (3.1.11a)
 (d:/texlive/2026/texmf-dist/tex/generic/pgf/systemlayer/pgfsys-dvipdfmx.def
File: pgfsys-dvipdfmx.def 2025-08-29 v3.1.11a (3.1.11a)
 (d:/texlive/2026/texmf-dist/tex/generic/pgf/systemlayer/pgfsys-common-pdf.def
File: pgfsys-common-pdf.def 2025-08-29 v3.1.11a (3.1.11a)
)
\pgfsys@objnum=\count530
))) (d:/texlive/2026/texmf-dist/tex/generic/pgf/systemlayer/pgfsyssoftpath.code.tex
File: pgfsyssoftpath.code.tex 2025-08-29 v3.1.11a (3.1.11a)
\pgfsyssoftpath@smallbuffer@items=\count531
\pgfsyssoftpath@bigbuffer@items=\count532
) (d:/texlive/2026/texmf-dist/tex/generic/pgf/systemlayer/pgfsysprotocol.code.tex
File: pgfsysprotocol.code.tex 2025-08-29 v3.1.11a (3.1.11a)
)) (d:/texlive/2026/texmf-dist/tex/generic/pgf/basiclayer/pgfcore.code.tex
Package: pgfcore 2025-08-29 v3.1.11a (3.1.11a)
 (d:/texlive/2026/texmf-dist/tex/generic/pgf/math/pgfmath.code.tex (d:/texlive/2026/texmf-dist/tex/generic/pgf/math/pgfmathutil.code.tex) (d:/texlive/2026/texmf-dist/tex/generic/pgf/math/pgfmathparser.code.tex
\pgfmath@dimen=\dimen315
\pgfmath@count=\count533
\pgfmath@box=\box111
\pgfmath@toks=\toks38
\pgfmath@stack@operand=\toks39
\pgfmath@stack@operation=\toks40
) (d:/texlive/2026/texmf-dist/tex/generic/pgf/math/pgfmathfunctions.code.tex) (d:/texlive/2026/texmf-dist/tex/generic/pgf/math/pgfmathfunctions.basic.code.tex) (d:/texlive/2026/texmf-dist/tex/generic/pgf/math/pgfmathfunctions.trigonometric.code.tex) (d:/texlive/2026/texmf-dist/tex/generic/pgf/math/pgfmathfunctions.random.code.tex) (d:/texlive/2026/texmf-dist/tex/generic/pgf/math/pgfmathfunctions.comparison.code.tex) (d:/texlive/2026/texmf-dist/tex/generic/pgf/math/pgfmathfunctions.base.code.tex) (d:/texlive/2026/texmf-dist/tex/generic/pgf/math/pgfmathfunctions.round.code.tex) (d:/texlive/2026/texmf-dist/tex/generic/pgf/math/pgfmathfunctions.misc.code.tex) (d:/texlive/2026/texmf-dist/tex/generic/pgf/math/pgfmathfunctions.integerarithmetics.code.tex) (d:/texlive/2026/texmf-dist/tex/generic/pgf/math/pgfmathcalc.code.tex) (d:/texlive/2026/texmf-dist/tex/generic/pgf/math/pgfmathfloat.code.tex
\c@pgfmathroundto@lastzeros=\count534
)) (d:/texlive/2026/texmf-dist/tex/generic/pgf/math/pgfint.code.tex) (d:/texlive/2026/texmf-dist/tex/generic/pgf/basiclayer/pgfcorepoints.code.tex
File: pgfcorepoints.code.tex 2025-08-29 v3.1.11a (3.1.11a)
\pgf@picminx=\dimen316
\pgf@picmaxx=\dimen317
\pgf@picminy=\dimen318
\pgf@picmaxy=\dimen319
\pgf@pathminx=\dimen320
\pgf@pathmaxx=\dimen321
\pgf@pathminy=\dimen322
\pgf@pathmaxy=\dimen323
\pgf@xx=\dimen324
\pgf@xy=\dimen325
\pgf@yx=\dimen326
\pgf@yy=\dimen327
\pgf@zx=\dimen328
\pgf@zy=\dimen329
) (d:/texlive/2026/texmf-dist/tex/generic/pgf/basiclayer/pgfcorepathconstruct.code.tex
File: pgfcorepathconstruct.code.tex 2025-08-29 v3.1.11a (3.1.11a)
\pgf@path@lastx=\dimen330
\pgf@path@lasty=\dimen331
) (d:/texlive/2026/texmf-dist/tex/generic/pgf/basiclayer/pgfcorepathusage.code.tex
File: pgfcorepathusage.code.tex 2025-08-29 v3.1.11a (3.1.11a)
\pgf@shorten@end@additional=\dimen332
\pgf@shorten@start@additional=\dimen333
) (d:/texlive/2026/texmf-dist/tex/generic/pgf/basiclayer/pgfcorescopes.code.tex
File: pgfcorescopes.code.tex 2025-08-29 v3.1.11a (3.1.11a)
\pgfpic=\box112
\pgf@hbox=\box113
\pgf@layerbox@main=\box114
\pgf@picture@serial@count=\count535
) (d:/texlive/2026/texmf-dist/tex/generic/pgf/basiclayer/pgfcoregraphicstate.code.tex
File: pgfcoregraphicstate.code.tex 2025-08-29 v3.1.11a (3.1.11a)
\pgflinewidth=\dimen334
) (d:/texlive/2026/texmf-dist/tex/generic/pgf/basiclayer/pgfcoretransformations.code.tex
File: pgfcoretransformations.code.tex 2025-08-29 v3.1.11a (3.1.11a)
\pgf@pt@x=\dimen335
\pgf@pt@y=\dimen336
\pgf@pt@temp=\dimen337
) (d:/texlive/2026/texmf-dist/tex/generic/pgf/basiclayer/pgfcorequick.code.tex
File: pgfcorequick.code.tex 2025-08-29 v3.1.11a (3.1.11a)
) (d:/texlive/2026/texmf-dist/tex/generic/pgf/basiclayer/pgfcoreobjects.code.tex
File: pgfcoreobjects.code.tex 2025-08-29 v3.1.11a (3.1.11a)
) (d:/texlive/2026/texmf-dist/tex/generic/pgf/basiclayer/pgfcorepathprocessing.code.tex
File: pgfcorepathprocessing.code.tex 2025-08-29 v3.1.11a (3.1.11a)
) (d:/texlive/2026/texmf-dist/tex/generic/pgf/basiclayer/pgfcorearrows.code.tex
File: pgfcorearrows.code.tex 2025-08-29 v3.1.11a (3.1.11a)
\pgfarrowsep=\dimen338
) (d:/texlive/2026/texmf-dist/tex/generic/pgf/basiclayer/pgfcoreshade.code.tex
File: pgfcoreshade.code.tex 2025-08-29 v3.1.11a (3.1.11a)
\pgf@max=\dimen339
\pgf@sys@shading@range@num=\count536
\pgf@shadingcount=\count537
) (d:/texlive/2026/texmf-dist/tex/generic/pgf/basiclayer/pgfcoreimage.code.tex
File: pgfcoreimage.code.tex 2025-08-29 v3.1.11a (3.1.11a)
) (d:/texlive/2026/texmf-dist/tex/generic/pgf/basiclayer/pgfcoreexternal.code.tex
File: pgfcoreexternal.code.tex 2025-08-29 v3.1.11a (3.1.11a)
\pgfexternal@startupbox=\box115
) (d:/texlive/2026/texmf-dist/tex/generic/pgf/basiclayer/pgfcorelayers.code.tex
File: pgfcorelayers.code.tex 2025-08-29 v3.1.11a (3.1.11a)
) (d:/texlive/2026/texmf-dist/tex/generic/pgf/basiclayer/pgfcoretransparency.code.tex
File: pgfcoretransparency.code.tex 2025-08-29 v3.1.11a (3.1.11a)
) (d:/texlive/2026/texmf-dist/tex/generic/pgf/basiclayer/pgfcorepatterns.code.tex
File: pgfcorepatterns.code.tex 2025-08-29 v3.1.11a (3.1.11a)
) (d:/texlive/2026/texmf-dist/tex/generic/pgf/basiclayer/pgfcorerdf.code.tex
File: pgfcorerdf.code.tex 2025-08-29 v3.1.11a (3.1.11a)
))) (d:/texlive/2026/texmf-dist/tex/generic/pgf/modules/pgfmoduleshapes.code.tex
File: pgfmoduleshapes.code.tex 2025-08-29 v3.1.11a (3.1.11a)
\pgfnodeparttextbox=\box116
) (d:/texlive/2026/texmf-dist/tex/generic/pgf/modules/pgfmoduleplot.code.tex
File: pgfmoduleplot.code.tex 2025-08-29 v3.1.11a (3.1.11a)
) (d:/texlive/2026/texmf-dist/tex/latex/pgf/compatibility/pgfcomp-version-0-65.sty
Package: pgfcomp-version-0-65 2025-08-29 v3.1.11a (3.1.11a)
\pgf@nodesepstart=\dimen340
\pgf@nodesepend=\dimen341
) (d:/texlive/2026/texmf-dist/tex/latex/pgf/compatibility/pgfcomp-version-1-18.sty
Package: pgfcomp-version-1-18 2025-08-29 v3.1.11a (3.1.11a)
)) (d:/texlive/2026/texmf-dist/tex/latex/pgf/utilities/pgffor.sty (d:/texlive/2026/texmf-dist/tex/latex/pgf/utilities/pgfkeys.sty (d:/texlive/2026/texmf-dist/tex/generic/pgf/utilities/pgfkeys.code.tex)) (d:/texlive/2026/texmf-dist/tex/latex/pgf/math/pgfmath.sty (d:/texlive/2026/texmf-dist/tex/generic/pgf/math/pgfmath.code.tex)) (d:/texlive/2026/texmf-dist/tex/generic/pgf/utilities/pgffor.code.tex
Package: pgffor 2025-08-29 v3.1.11a (3.1.11a)
\pgffor@iter=\dimen342
\pgffor@skip=\dimen343
\pgffor@stack=\toks41
\pgffor@toks=\toks42
)) (d:/texlive/2026/texmf-dist/tex/generic/pgf/frontendlayer/tikz/tikz.code.tex
Package: tikz 2025-08-29 v3.1.11a (3.1.11a)
 (d:/texlive/2026/texmf-dist/tex/generic/pgf/libraries/pgflibraryplothandlers.code.tex
File: pgflibraryplothandlers.code.tex 2025-08-29 v3.1.11a (3.1.11a)
\pgf@plot@mark@count=\count538
\pgfplotmarksize=\dimen344
)
\tikz@lastx=\dimen345
\tikz@lasty=\dimen346
\tikz@lastxsaved=\dimen347
\tikz@lastysaved=\dimen348
\tikz@lastmovetox=\dimen349
\tikz@lastmovetoy=\dimen350
\tikzleveldistance=\dimen351
\tikzsiblingdistance=\dimen352
\tikz@figbox=\box117
\tikz@figbox@bg=\box118
\tikz@tempbox=\box119
\tikz@tempbox@bg=\box120
\tikztreelevel=\count539
\tikznumberofchildren=\count540
\tikznumberofcurrentchild=\count541
\tikz@fig@count=\count542
 (d:/texlive/2026/texmf-dist/tex/generic/pgf/modules/pgfmodulematrix.code.tex
File: pgfmodulematrix.code.tex 2025-08-29 v3.1.11a (3.1.11a)
\pgfmatrixcurrentrow=\count543
\pgfmatrixcurrentcolumn=\count544
\pgf@matrix@numberofcolumns=\count545
)
\tikz@expandcount=\count546
 (d:/texlive/2026/texmf-dist/tex/generic/pgf/frontendlayer/tikz/libraries/tikzlibrarytopaths.code.tex
File: tikzlibrarytopaths.code.tex 2025-08-29 v3.1.11a (3.1.11a)
))) (d:/texlive/2026/texmf-dist/tex/generic/pgf/frontendlayer/tikz/libraries/tikzlibrarybackgrounds.code.tex
File: tikzlibrarybackgrounds.code.tex 2025-08-29 v3.1.11a (3.1.11a)
\pgf@layerbox@background=\box121
\pgf@layerboxsaved@background=\box122
) (d:/texlive/2026/texmf-dist/tex/generic/pgf/frontendlayer/tikz/libraries/tikzlibrarycalc.code.tex
File: tikzlibrarycalc.code.tex 2025-08-29 v3.1.11a (3.1.11a)
) (d:/texlive/2026/texmf-dist/tex/generic/pgf/frontendlayer/tikz/libraries/tikzlibraryshadows.code.tex
File: tikzlibraryshadows.code.tex 2025-08-29 v3.1.11a (3.1.11a)
 (d:/texlive/2026/texmf-dist/tex/generic/pgf/frontendlayer/tikz/libraries/tikzlibraryfadings.code.tex
File: tikzlibraryfadings.code.tex 2025-08-29 v3.1.11a (3.1.11a)
 (d:/texlive/2026/texmf-dist/tex/generic/pgf/libraries/pgflibraryfadings.code.tex
File: pgflibraryfadings.code.tex 2025-08-29 v3.1.11a (3.1.11a)
))) (d:/texlive/2026/texmf-dist/tex/generic/pgf/frontendlayer/tikz/libraries/tikzlibrarypositioning.code.tex
File: tikzlibrarypositioning.code.tex 2025-08-29 v3.1.11a (3.1.11a)
) (d:/texlive/2026/texmf-dist/tex/generic/pgf/frontendlayer/tikz/libraries/tikzlibraryfit.code.tex
File: tikzlibraryfit.code.tex 2025-08-29 v3.1.11a (3.1.11a)
) (d:/texlive/2026/texmf-dist/tex/latex/apptools/apptools.sty
Package: apptools 2012/11/28 v1.0 Tools for customizing appendices
) (d:/texlive/2026/texmf-dist/tex/latex/psnfss/pifont.sty
Package: pifont 2020/03/25 PSNFSS-v9.3 Pi font support (SPQR) 
LaTeX Font Info:    Trying to load font information for U+pzd on input line 63.
 (d:/texlive/2026/texmf-dist/tex/latex/psnfss/upzd.fd
File: upzd.fd 2001/06/04 font definitions for U/pzd.
)
LaTeX Font Info:    Trying to load font information for U+psy on input line 64.
 (d:/texlive/2026/texmf-dist/tex/latex/psnfss/upsy.fd
File: upsy.fd 2001/06/04 font definitions for U/psy.
)) (d:/texlive/2026/texmf-dist/tex/latex/manfnt/manfnt.sty
Package: manfnt 1999/07/010.2LaTeX2e manfnt package
\dbend@height=\skip95
) (d:/texlive/2026/texmf-dist/tex/latex/bbding/bbding.sty
Package: bbding 1999/04/15 v1.01 Dingbats symbols
) (d:/texlive/2026/texmf-dist/tex/latex/tcolorbox/tcolorbox.sty
Package: tcolorbox 2025/11/28 version 6.9.0 text color boxes
 (d:/texlive/2026/texmf-dist/tex/latex/tools/verbatim.sty
Package: verbatim 2024-01-22 v1.5x LaTeX2e package for verbatim enhancements
\every@verbatim=\toks43
\verbatim@line=\toks44
\verbatim@in@stream=\read5
) (d:/texlive/2026/texmf-dist/tex/latex/environ/environ.sty
Package: environ 2014/05/04 v0.3 A new way to define environments
 (d:/texlive/2026/texmf-dist/tex/latex/trimspaces/trimspaces.sty
Package: trimspaces 2009/09/17 v1.1 Trim spaces around a token list
))
\tcb@titlebox=\box123
\tcb@upperbox=\box124
\tcb@lowerbox=\box125
\tcb@phantombox=\box126
\c@tcbbreakpart=\count547
\c@tcblayer=\count548
\c@tcolorbox@number=\count549
\l__tcobox_tmpa_box=\box127
\l__tcobox_tmpa_dim=\dimen353
\tcb@temp=\box128
\tcb@temp=\box129
\tcb@temp=\box130
\tcb@temp=\box131
 (d:/texlive/2026/texmf-dist/tex/latex/tcolorbox/tcbraster.code.tex
Library (tcolorbox): 'tcbraster.code.tex' version '6.9.0'
\c@tcbrastercolumn=\count550
\c@tcbrasterrow=\count551
\c@tcbrasternum=\count552
\c@tcbraster=\count553
) (d:/texlive/2026/texmf-dist/tex/latex/tcolorbox/tcbskins.code.tex
Library (tcolorbox): 'tcbskins.code.tex' version '6.9.0'
(d:/texlive/2026/texmf-dist/tex/latex/tikzfill/tikzfill.image.sty
Package: tikzfill.image 2026/03/26 v1.1.0 Image filling library for TikZ
 (d:/texlive/2026/texmf-dist/tex/latex/tikzfill/tikzlibraryfill.image.code.tex
File: tikzlibraryfill.image.code.tex 2026/03/26 v1.1.0 Image filling library
\l__tikzfill_tmpa_dim=\dimen354
\l__tikzfill_tmpb_dim=\dimen355
\l__tikzfill_img_box=\box132
)) (d:/texlive/2026/texmf-dist/tex/latex/tcolorbox/tcbskinsjigsaw.code.tex
Library (tcolorbox): 'tcbskinsjigsaw.code.tex' version '6.9.0'
)) (d:/texlive/2026/texmf-dist/tex/latex/tcolorbox/tcbbreakable.code.tex
Library (tcolorbox): 'tcbbreakable.code.tex' version '6.9.0'
(d:/texlive/2026/texmf-dist/tex/latex/pdfcol/pdfcol.sty
Package: pdfcol 2022-09-21 v1.7 Handle new color stacks for pdfTeX (HO)
Package pdfcol Info: Interface disabled because of missing PDF mode of pdfTeX.
)
Package pdfcol Info: pdfTeX's color stacks are not available.
\tcb@testbox=\box133
\tcb@totalupperbox=\box134
\tcb@totallowerbox=\box135
) (d:/texlive/2026/texmf-dist/tex/latex/tcolorbox/tcbhooks.code.tex
Library (tcolorbox): 'tcbhooks.code.tex' version '6.9.0'
) (d:/texlive/2026/texmf-dist/tex/latex/tcolorbox/tcbtheorems.code.tex
Library (tcolorbox): 'tcbtheorems.code.tex' version '6.9.0'
) (d:/texlive/2026/texmf-dist/tex/latex/tcolorbox/tcbfitting.code.tex
Library (tcolorbox): 'tcbfitting.code.tex' version '6.9.0'
\tcbfitdim=\dimen356
\tcb@lowerfitdim=\dimen357
\tcb@upperfitdim=\dimen358
\tcb@cur@hbadness=\count554
))
\c@tcb@cnt@theorem=\count555
\c@tcb@cnt@definition=\count556
\c@tcb@cnt@postulate=\count557
\c@tcb@cnt@axiom=\count558
\c@tcb@cnt@corollary=\count559
\c@tcb@cnt@lemma=\count560
\c@tcb@cnt@proposition=\count561
\c@exam=\count562
\c@exer=\count563
\c@prob=\count564
 (d:/texlive/2026/texmf-dist/tex/latex/adforn/adforn.sty (d:/texlive/2026/texmf-dist/tex/latex/svn-prov/svn-prov.sty
Package: svn-prov 2010/04/24 v3.1862 Package Date/Version from SVN Keywords
)
Package: adforn 2026/02/25 v1.4 (SVN Rev: 11696)
 (d:/texlive/2026/texmf-dist/tex/latex/fixtounicode/fixtounicode.sty
Package: fixtounicode 2026/02/24 v0.1.1 11683 Fix missing tounicode values in TeX fonts
)) (d:/texlive/2026/texmf-dist/tex/latex/fancyhdr/fancyhdr.sty
Package: fancyhdr 2025/02/07 v5.2 Extensive control of page headers and footers
\f@nch@headwidth=\skip96
\f@nch@offset@elh=\skip97
\f@nch@offset@erh=\skip98
\f@nch@offset@olh=\skip99
\f@nch@offset@orh=\skip100
\f@nch@offset@elf=\skip101
\f@nch@offset@erf=\skip102
\f@nch@offset@olf=\skip103
\f@nch@offset@orf=\skip104
\f@nch@height=\skip105
\f@nch@footalignment=\skip106
\f@nch@widthL=\skip107
\f@nch@widthC=\skip108
\f@nch@widthR=\skip109
\@temptokenb=\toks45
) (d:/texlive/2026/texmf-dist/tex/latex/listings/listings.sty
\lst@mode=\count565
\lst@gtempboxa=\box136
\lst@token=\toks46
\lst@length=\count566
\lst@currlwidth=\dimen359
\lst@column=\count567
\lst@pos=\count568
\lst@lostspace=\dimen360
\lst@width=\dimen361
\lst@newlines=\count569
\lst@lineno=\count570
\lst@maxwidth=\dimen362
 (d:/texlive/2026/texmf-dist/tex/latex/listings/lstpatch.sty
File: lstpatch.sty 2025/11/14 1.11b (Carsten Heinz)
) (d:/texlive/2026/texmf-dist/tex/latex/listings/lstmisc.sty
File: lstmisc.sty 2025/11/14 1.11b (Carsten Heinz)
\c@lstnumber=\count571
\lst@skipnumbers=\count572
\lst@framebox=\box137
) (d:/texlive/2026/texmf-dist/tex/latex/listings/listings.cfg
File: listings.cfg 2025/11/14 1.11b listings configuration
))
Package: listings 2025/11/14 1.11b (Carsten Heinz)
 (d:/texlive/2026/texmf-dist/tex/xelatex/xecjk/xeCJK-listings.sty
Package: xeCJK-listings 2022/08/05 v3.9.1 xeCJK patch file for listings
\l__xeCJK_listings_max_char_int=\count573
\l__xeCJK_listings_flag_int=\count574
)
==> First Aid for listings.sty no longer applied!
    Expected:
        2024/09/23 1.10c (Carsten Heinz)
    but found:
        2025/11/14 1.11b (Carsten Heinz)
    so I'm assuming it got fixed.
(d:/texlive/2026/texmf-dist/tex/latex/listings/lstlang1.sty
File: lstlang1.sty 2025/11/14 1.11b listings language file
) (d:/texlive/2026/texmf-dist/tex/latex/listings/lstlang2.sty
File: lstlang2.sty 2025/11/14 1.11b listings language file
) (d:/texlive/2026/texmf-dist/tex/latex/listings/lstlang3.sty
File: lstlang3.sty 2025/11/14 1.11b listings language file
) (d:/texlive/2026/texmf-dist/tex/latex/listings/lstlang1.sty
File: lstlang1.sty 2025/11/14 1.11b listings language file
) (d:/texlive/2026/texmf-dist/tex/latex/listings/lstlang2.sty
File: lstlang2.sty 2025/11/14 1.11b listings language file
) (d:/texlive/2026/texmf-dist/tex/latex/listings/lstlang3.sty
File: lstlang3.sty 2025/11/14 1.11b listings language file
) (d:/texlive/2026/texmf-dist/tex/latex/listings/lstlang1.sty
File: lstlang1.sty 2025/11/14 1.11b listings language file
) (d:/texlive/2026/texmf-dist/tex/latex/listings/lstlang2.sty
File: lstlang2.sty 2025/11/14 1.11b listings language file
) (d:/texlive/2026/texmf-dist/tex/latex/listings/lstlang3.sty
File: lstlang3.sty 2025/11/14 1.11b listings language file
) (d:/texlive/2026/texmf-dist/tex/latex/listings/lstmisc.sty
File: lstmisc.sty 2025/11/14 1.11b (Carsten Heinz)
) (d:/texlive/2026/texmf-dist/tex/latex/tools/bm.sty
Package: bm 2025/10/21 v1.2g Bold Symbol Support (DPC/FMi)
Package bm Info: No bold for \OMX/cmex/m/n, using \pmb.
Package bm Info: No bold for \U/rsfs/m/n, using \pmb.
Package bm Info: No bold for \U/msa/m/n, using \pmb.
Package bm Info: No bold for \U/msb/m/n, using \pmb.
) (d:/texlive/2026/texmf-dist/tex/latex/tools/calc.sty
Package: calc 2025/03/01 v4.3b Infix arithmetic (KKT,FJ)
\calc@Acount=\count575
\calc@Bcount=\count576
\calc@Adimen=\dimen363
\calc@Bdimen=\dimen364
\calc@Askip=\skip110
\calc@Bskip=\skip111
LaTeX Info: Redefining \setlength on input line 86.
LaTeX Info: Redefining \addtolength on input line 87.
\calc@Ccount=\count577
\calc@Cskip=\skip112
) (d:/texlive/2026/texmf-dist/tex/latex/tocloft/tocloft.sty
Package: tocloft 2017/08/31 v2.3i parameterised ToC, etc., typesetting
Package tocloft Info: The document has chapter divisions on input line 51.
\cftparskip=\skip113
\cftbeforetoctitleskip=\skip114
\cftaftertoctitleskip=\skip115
\cftbeforepartskip=\skip116
\cftpartnumwidth=\skip117
\cftpartindent=\skip118
\cftbeforechapskip=\skip119
\cftchapindent=\skip120
\cftchapnumwidth=\skip121
\cftbeforesecskip=\skip122
\cftsecindent=\skip123
\cftsecnumwidth=\skip124
\cftbeforesubsecskip=\skip125
\cftsubsecindent=\skip126
\cftsubsecnumwidth=\skip127
\cftbeforesubsubsecskip=\skip128
\cftsubsubsecindent=\skip129
\cftsubsubsecnumwidth=\skip130
\cftbeforeparaskip=\skip131
\cftparaindent=\skip132
\cftparanumwidth=\skip133
\cftbeforesubparaskip=\skip134
\cftsubparaindent=\skip135
\cftsubparanumwidth=\skip136
\cftbeforeloftitleskip=\skip137
\cftafterloftitleskip=\skip138
\cftbeforefigskip=\skip139
\cftfigindent=\skip140
\cftfignumwidth=\skip141
\c@lofdepth=\count578
\c@lotdepth=\count579
\cftbeforelottitleskip=\skip142
\cftafterlottitleskip=\skip143
\cftbeforetabskip=\skip144
\cfttabindent=\skip145
\cfttabnumwidth=\skip146
)) (d:/texlive/2026/texmf-dist/tex/latex/fvextra/fvextra.sty
Package: fvextra 2026/02/25 v1.14.0 fvextra - extensions and patches for fancyvrb
 (d:/texlive/2026/texmf-dist/tex/latex/upquote/upquote.sty
Package: upquote 2012/04/19 v1.3 upright-quote and grave-accent glyphs in verbatim
 (d:/texlive/2026/texmf-dist/tex/latex/base/textcomp.sty
Package: textcomp 2024/04/24 v2.1b Standard LaTeX package
)) (d:/texlive/2026/texmf-dist/tex/latex/lineno/lineno.sty
Package: lineno 2026/03/08 line numbers on paragraphs v5.9
\linenopenalty=\count580
\output=\toks47
\linenoprevgraf=\count581
\linenumbersep=\dimen365
\linenumberwidth=\dimen366
\c@linenumber=\count582
\c@pagewiselinenumber=\count583
\c@LN@truepage=\count584
\c@internallinenumber=\count585
\c@internallinenumbers=\count586
\quotelinenumbersep=\dimen367
\bframerule=\dimen368
\bframesep=\dimen369
\bframebox=\box138
\@LN@amsmath@ams@eqpen=\count587


LaTeX Warning: Command \@parboxrestore  has changed.
               Check if current package is valid.

)

Package fvextra Warning: csquotes should be loaded after fvextra, to avoid a warning from the lineno package on input line 36.

\c@FancyVerbWriteLine=\count588
\c@FancyVerbBufferLine=\count589
\c@FV@TrueTabGroupLevel=\count590
\c@FV@TrueTabCounter=\count591
\FV@TabBox@Group=\box139
\FV@bgcolorstructbox=\box140
\FV@TmpLength=\skip147
\c@FV@HighlightLinesStart=\count592
\c@FV@HighlightLinesStop=\count593
\FV@LoopCount=\count594
\FV@NCharsBox=\box141
\FV@BreakIndent=\dimen370
\FV@BreakIndentNChars=\count595
\FV@BreakSymbolSepLeft=\dimen371
\FV@BreakSymbolSepLeftNChars=\count596
\FV@BreakSymbolSepRight=\dimen372
\FV@BreakSymbolSepRightNChars=\count597
\FV@BreakSymbolIndentLeft=\dimen373
\FV@BreakSymbolIndentLeftNChars=\count598
\FV@BreakSymbolIndentRight=\dimen374
\FV@BreakSymbolIndentRightNChars=\count599
\c@FancyVerbLineBreakLast=\count600
\FV@LineBox=\box142
\FV@LineIndentBox=\box143
\c@FV@BreakBufferDepth=\count601
\FV@LineWidth=\dimen375
) (d:/texlive/2026/texmf-dist/tex/latex/tools/longtable.sty
Package: longtable 2025-10-13 v4.24 Multi-page Table package (DPC)
\LTleft=\skip148
\LTright=\skip149
\LTpre=\skip150
\LTpost=\skip151
\LTchunksize=\count602
\LTcapwidth=\dimen376
\LT@head=\box144
\LT@firsthead=\box145
\LT@foot=\box146
\LT@lastfoot=\box147
\LT@gbox=\box148
\LT@cols=\count603
\LT@rows=\count604
\c@LT@tables=\count605
\c@LT@chunks=\count606
\LT@p@ftn=\toks48
) (d:/texlive/2026/texmf-dist/tex/latex/tools/tabularx.sty
Package: tabularx 2023/12/11 v2.12a `tabularx' package (DPC)
\TX@col@width=\dimen377
\TX@old@table=\dimen378
\TX@old@col=\dimen379
\TX@target=\dimen380
\TX@delta=\dimen381
\TX@cols=\count607
\TX@ftn=\toks49
) (d:/texlive/2026/texmf-dist/tex/latex/float/float.sty
Package: float 2001/11/08 v1.3d Float enhancements (AL)
\c@float@type=\count608
\float@exts=\toks50
\float@box=\box149
\@float@everytoks=\toks51
\@floatcapt=\box150
) (d:/texlive/2026/texmf-dist/tex/latex/adjustbox/adjustbox.sty
Package: adjustbox 2025/02/26 v1.3c Adjusting TeX boxes (trim, clip, ...)
 (d:/texlive/2026/texmf-dist/tex/latex/xkeyval/xkeyval.sty
Package: xkeyval 2025/11/04 v2.10 package option processing (HA)
 (d:/texlive/2026/texmf-dist/tex/generic/xkeyval/xkeyval.tex (d:/texlive/2026/texmf-dist/tex/generic/xkeyval/xkvutils.tex
\XKV@toks=\toks52
\XKV@tempa@toks=\toks53
\XKV@tempb@toks=\toks54
)
\XKV@depth=\count609
File: xkeyval.tex 2014/12/03 v2.7a key=value parser (HA)
)) (d:/texlive/2026/texmf-dist/tex/latex/adjustbox/adjcalc.sty
Package: adjcalc 2012/05/16 v1.1 Provides advanced setlength with multiple back-ends (calc, etex, pgfmath)
) (d:/texlive/2026/texmf-dist/tex/latex/adjustbox/trimclip.sty
Package: trimclip 2025/02/21 v1.2a Trim and clip general TeX material
 (d:/texlive/2026/texmf-dist/tex/latex/collectbox/collectbox.sty
Package: collectbox 2022/10/17 v0.4c Collect macro arguments as boxes
\collectedbox=\box151
)
\tc@llx=\dimen382
\tc@lly=\dimen383
\tc@urx=\dimen384
\tc@ury=\dimen385
Package trimclip Info: Using driver 'tc-xetex.def'.
 (d:/texlive/2026/texmf-dist/tex/latex/adjustbox/tc-xetex.def
File: tc-xetex.def 2019/01/04 v2.2 Clipping driver for xetex
))
\adjbox@Width=\dimen386
\adjbox@Height=\dimen387
\adjbox@Depth=\dimen388
\adjbox@Totalheight=\dimen389
\adjbox@pwidth=\dimen390
\adjbox@pheight=\dimen391
\adjbox@pdepth=\dimen392
\adjbox@ptotalheight=\dimen393
 (d:/texlive/2026/texmf-dist/tex/latex/ifoddpage/ifoddpage.sty
Package: ifoddpage 2022/10/18 v1.2 Conditionals for odd/even page detection
\c@checkoddpage=\count610
) (d:/texlive/2026/texmf-dist/tex/latex/varwidth/varwidth.sty
Package: varwidth 2009/03/30 ver 0.92;  Variable-width minipages
\@vwid@box=\box152
\sift@deathcycles=\count611
\@vwid@loff=\dimen394
\@vwid@roff=\dimen395
)
==> First Aid for varwidth.sty applied!
) (d:/texlive/2026/texmf-dist/tex/latex/ragged2e/ragged2e.sty
Package: ragged2e 2023/06/22 v3.6 ragged2e Package
\CenteringLeftskip=\skip152
\RaggedLeftLeftskip=\skip153
\RaggedRightLeftskip=\skip154
\CenteringRightskip=\skip155
\RaggedLeftRightskip=\skip156
\RaggedRightRightskip=\skip157
\CenteringParfillskip=\skip158
\RaggedLeftParfillskip=\skip159
\RaggedRightParfillskip=\skip160
\JustifyingParfillskip=\skip161
\CenteringParindent=\skip162
\RaggedLeftParindent=\skip163
\RaggedRightParindent=\skip164
\JustifyingParindent=\skip165
) (d:/texlive/2026/texmf-dist/tex/latex/tcolorbox/tcblistingsutf8.code.tex
Library (tcolorbox): 'tcblistingsutf8.code.tex' version '6.9.0'
(d:/texlive/2026/texmf-dist/tex/latex/tcolorbox/tcblistings.code.tex
Library (tcolorbox): 'tcblistings.code.tex' version '6.9.0'
(d:/texlive/2026/texmf-dist/tex/latex/tcolorbox/tcblistingscore.code.tex
Library (tcolorbox): 'tcblistingscore.code.tex' version '6.9.0'
(d:/texlive/2026/texmf-dist/tex/latex/tcolorbox/tcbprocessing.code.tex
Library (tcolorbox): 'tcbprocessing.code.tex' version '6.9.0'
)
\c@tcblisting=\count612
))
Package tcolorbox Info: Library `listingsutf8' is compatible with pdftex only. Library `listings` is loaded instead. on input line 29.
) (d:/texlive/2026/texmf-dist/tex/latex/tcolorbox/tcbexternal.code.tex
Library (tcolorbox): 'tcbexternal.code.tex' version '6.9.0'
) (d:/texlive/2026/texmf-dist/tex/latex/tcolorbox/tcbmagazine.code.tex
Library (tcolorbox): 'tcbmagazine.code.tex' version '6.9.0'
) (d:/texlive/2026/texmf-dist/tex/latex/tcolorbox/tcbvignette.code.tex
Library (tcolorbox): 'tcbvignette.code.tex' version '6.9.0'
) (d:/texlive/2026/texmf-dist/tex/latex/tcolorbox/tcbposter.code.tex
Library (tcolorbox): 'tcbposter.code.tex' version '6.9.0'
) (d:/texlive/2026/texmf-dist/tex/latex/bookmark/bookmark.sty
Package: bookmark 2023-12-10 v1.31 PDF bookmarks (HO)
 (d:/texlive/2026/texmf-dist/tex/latex/bookmark/bkm-dvipdfm.def
File: bkm-dvipdfm.def 2023-12-10 v1.31 bookmark driver for dvipdfm (HO)
\BKM@id=\count613
))

Package xeCJK Warning: Redefining CJKfamily `\CJKttdefault' (FangSong).

Package hyperref Info: Option `colorlinks' set `true' on input line 26.
Package csquotes Info: Checking for multilingual support...
Package csquotes Info: ... none found.
(./research_handbook.aux)
\openout1 = `research_handbook.aux'.

LaTeX Font Info:    Checking defaults for OML/cmm/m/it on input line 85.
LaTeX Font Info:    ... okay on input line 85.
LaTeX Font Info:    Checking defaults for OMS/cmsy/m/n on input line 85.
LaTeX Font Info:    ... okay on input line 85.
LaTeX Font Info:    Checking defaults for OT1/cmr/m/n on input line 85.
LaTeX Font Info:    ... okay on input line 85.
LaTeX Font Info:    Checking defaults for T1/cmr/m/n on input line 85.
LaTeX Font Info:    ... okay on input line 85.
LaTeX Font Info:    Checking defaults for TS1/cmr/m/n on input line 85.
LaTeX Font Info:    ... okay on input line 85.
LaTeX Font Info:    Checking defaults for TU/lmr/m/n on input line 85.
LaTeX Font Info:    ... okay on input line 85.
LaTeX Font Info:    Checking defaults for OMX/cmex/m/n on input line 85.
LaTeX Font Info:    ... okay on input line 85.
LaTeX Font Info:    Checking defaults for U/cmr/m/n on input line 85.
LaTeX Font Info:    ... okay on input line 85.
LaTeX Font Info:    Checking defaults for PD1/pdf/m/n on input line 85.
LaTeX Font Info:    ... okay on input line 85.
LaTeX Font Info:    Checking defaults for PU/pdf/m/n on input line 85.
LaTeX Font Info:    ... okay on input line 85.
Package hyperref Info: Link coloring ON on input line 85.

*geometry* driver: auto-detecting
*geometry* detected driver: xetex
*geometry* verbose mode - [ preamble ] result:
* driver: xetex
* paper: a4paper
* layout: <same size as paper>
* layoutoffset:(h,v)=(0.0pt,0.0pt)
* modes: 
* h-part:(L,W,R)=(56.9055pt, 483.69687pt, 56.9055pt)
* v-part:(T,H,B)=(72.26997pt, 700.5069pt, 72.26997pt)
* \paperwidth=597.50787pt
* \paperheight=845.04684pt
* \textwidth=483.69687pt
* \textheight=700.5069pt
* \oddsidemargin=-15.36449pt
* \evensidemargin=-15.36449pt
* \topmargin=-73.12352pt
* \headheight=61.74242pt
* \headsep=11.38109pt
* \topskip=10.0pt
* \footskip=34.1433pt
* \marginparwidth=61.0pt
* \marginparsep=7.0pt
* \columnsep=10.0pt
* \skip\footins=9.0pt plus 4.0pt minus 2.0pt
* \hoffset=0.0pt
* \voffset=0.0pt
* \mag=1000
* \@twocolumnfalse
* \@twosidefalse
* \@mparswitchfalse
* \@reversemarginfalse
* (1in=72.27pt=25.4mm, 1cm=28.453pt)

Package caption Info: Begin \AtBeginDocument code.
Package caption Info: float package is loaded.
Package caption Info: listings package is loaded.
Package caption Info: longtable package is loaded.
(d:/texlive/2026/texmf-dist/tex/latex/caption/ltcaption.sty
Package: ltcaption 2021/01/08 v1.4c longtable captions (AR)
)
Package caption Info: End \AtBeginDocument code.
 (d:/texlive/2026/texmf-dist/tex/latex/footmisc/footmisc.sty
Package: footmisc 2025/05/09 v7.0b a miscellany of footnote facilities
\FN@temptoken=\toks55
\footnotemargin=\dimen396
Package footmisc Info: Declaring symbol style bringhurst on input line 549.
Package footmisc Info: Declaring symbol style chicago on input line 557.
Package footmisc Info: Declaring symbol style wiley on input line 566.
Package footmisc Info: Declaring symbol style lamport-robust on input line 577.
Package footmisc Info: Declaring symbol style lamport* on input line 597.
Package footmisc Info: Declaring symbol style lamport*-robust on input line 618.
)
Package biblatex Info: Trying to load language 'english'...
Package biblatex Info: ... file 'english.lbx' found.
 (d:/texlive/2026/texmf-dist/tex/latex/biblatex/lbx/english.lbx
File: english.lbx 2025/07/10 v3.21 biblatex localization (PK/MW)
)
Package biblatex Info: XeTeX detected.
(biblatex)             Assuming input encoding 'utf8'.
Package biblatex Info: Automatic encoding selection.
(biblatex)             Assuming data encoding 'utf8'.
\openout5 = `research_handbook.bcf'.

Package biblatex Info: Trying to load bibliographic data...
Package biblatex Info: ... file 'research_handbook.bbl' not found.

No file research_handbook.bbl.
Package biblatex Info: Reference section=0 on input line 85.
Package biblatex Info: Reference segment=0 on input line 85.
\c@lstlisting=\count614
Package hyperref Info: Option `pageanchor' set `false' on input line 86.
*geometry* verbose mode - [ newgeometry ] result:
* driver: xetex
* paper: a4paper
* layout: <same size as paper>
* layoutoffset:(h,v)=(0.0pt,0.0pt)
* modes: 
* h-part:(L,W,R)=(0.0pt, 597.50787pt, 0.0pt)
* v-part:(T,H,B)=(0.0pt, 845.04684pt, 0.0pt)
* \paperwidth=597.50787pt
* \paperheight=845.04684pt
* \textwidth=597.50787pt
* \textheight=845.04684pt
* \oddsidemargin=-72.26999pt
* \evensidemargin=-72.26999pt
* \topmargin=-145.3935pt
* \headheight=61.74242pt
* \headsep=11.38109pt
* \topskip=10.0pt
* \footskip=34.1433pt
* \marginparwidth=61.0pt
* \marginparsep=7.0pt
* \columnsep=10.0pt
* \skip\footins=9.0pt plus 4.0pt minus 2.0pt
* \hoffset=0.0pt
* \voffset=0.0pt
* \mag=1000
* \@twocolumnfalse
* \@twosidefalse
* \@mparswitchfalse
* \@reversemarginfalse
* (1in=72.27pt=25.4mm, 1cm=28.453pt)

File: assets/cover.jpg Graphic file (type bmp)
<assets/cover.jpg>
LaTeX Font Info:    Font shape `TU/TeXGyreTermesX(0)/b/n' will be
(Font)              scaled to size 10.0pt on input line 86.
LaTeX Font Info:    Font shape `TU/TeXGyreTermesX(0)/b/n' will be
(Font)              scaled to size 24.88pt on input line 86.
LaTeX Font Info:    Trying to load font information for U+rsfs on input line 86.
(d:/texlive/2026/texmf-dist/tex/latex/jknapltx/ursfs.fd
File: ursfs.fd 1998/03/24 rsfs font definition file (jk)
)
LaTeX Font Info:    Trying to load font information for U+msa on input line 86.
 (d:/texlive/2026/texmf-dist/tex/latex/amsfonts/umsa.fd
File: umsa.fd 2013/01/14 v3.01 AMS symbols A
)
LaTeX Font Info:    Trying to load font information for U+msb on input line 86.
 (d:/texlive/2026/texmf-dist/tex/latex/amsfonts/umsb.fd
File: umsb.fd 2013/01/14 v3.01 AMS symbols B
)
LaTeX Font Info:    Font shape `TU/TeXGyreTermesX(0)/b/n' will be
(Font)              scaled to size 14.4pt on input line 86.
 [1



] (./research_handbook.toc
LaTeX Font Info:    Font shape `TU/TeXGyreTermesX(0)/m/n' will be
(Font)              scaled to size 14.4pt on input line 1.
LaTeX Font Info:    Font shape `TU/TeXGyreTermesX(0)/m/n' will be
(Font)              scaled to size 12.0pt on input line 1.
LaTeX Font Info:    Font shape `TU/TeXGyreTermesX(0)/b/n' will be
(Font)              scaled to size 12.0pt on input line 1.
 [1



]
LaTeX Font Info:    Font shape `TU/TeXGyreTermesX(0)/m/n' will be
(Font)              scaled to size 9.0pt on input line 703.
 [2])
\tf@toc=\write7
\openout7 = `research_handbook.toc'.

 [3] [4]
LaTeX Font Info:    Font shape `TU/TeXGyreTermesX(0)/m/n' will be
(Font)              scaled to size 20.74pt on input line 93.
LaTeX Font Info:    Font shape `TU/TeXGyreTermesX(0)/b/n' will be
(Font)              scaled to size 20.74pt on input line 93.
 [1


]
Chapter 1.
File: assets/figure-40e35c707e27.png Graphic file (type bmp)
<assets/figure-40e35c707e27.png>
LaTeX Font Info:    Font shape `TU/TeXGyreTermesX(0)/b/n' will be
(Font)              scaled to size 9.0pt on input line 116.
File: assets/figure-54a09f852c31.png Graphic file (type bmp)
<assets/figure-54a09f852c31.png>
[2

]
File: assets/figure-1b796dd54785.png Graphic file (type bmp)
<assets/figure-1b796dd54785.png>
 [3]
File: assets/figure-40e35c707e27.png Graphic file (type bmp)
<assets/figure-40e35c707e27.png>
 [4]
File: assets/figure-54a09f852c31.png Graphic file (type bmp)
<assets/figure-54a09f852c31.png>
File: assets/figure-5a34edce6c50.png Graphic file (type bmp)
<assets/figure-5a34edce6c50.png>
 [5]
File: assets/figure-e8881ea13984.png Graphic file (type bmp)
<assets/figure-e8881ea13984.png>
File: assets/figure-1f4912869950.png Graphic file (type bmp)
<assets/figure-1f4912869950.png>
 [6]
File: assets/figure-7e1c9a53ab05.png Graphic file (type bmp)
<assets/figure-7e1c9a53ab05.png>
File: assets/figure-dec9c76efb7e.png Graphic file (type bmp)
<assets/figure-dec9c76efb7e.png>
 [7]
File: assets/figure-c5630de09945.png Graphic file (type bmp)
<assets/figure-c5630de09945.png>
File: assets/figure-266885fad17b.png Graphic file (type bmp)
<assets/figure-266885fad17b.png>
 [8] [9]
File: assets/figure-40e35c707e27.png Graphic file (type bmp)
<assets/figure-40e35c707e27.png>
File: assets/figure-54a09f852c31.png Graphic file (type bmp)
<assets/figure-54a09f852c31.png>
 [10] [11]
File: assets/figure-40e35c707e27.png Graphic file (type bmp)
<assets/figure-40e35c707e27.png>
File: assets/figure-54a09f852c31.png Graphic file (type bmp)
<assets/figure-54a09f852c31.png>
File: assets/figure-7101d4c54cf9.png Graphic file (type bmp)
<assets/figure-7101d4c54cf9.png>
 [12]
LaTeX Font Info:    Font shape `TU/TeXGyreTermesX(0)/m/it' will be
(Font)              scaled to size 10.0pt on input line 495.
 [13]
Underfull \hbox (badness 3701) in paragraph at lines 506--506
[]\TU/SimSun(0)/m/n/10 计 算 完 成 后\TU/TeXGyreTermesX(0)/m/n/10 , \TU/SimSun(0)/m/n/10 键 入 \TU/TeXGyreTermesX(0)/m/n/10 qvasp -e, \TU/SimSun(0)/m/n/10 得 到 四 个 能 量\TU/TeXGyreTermesX(0)/m/n/10 , \TU/SimSun(0)/m/n/10 进 入 这 个 网 址\TU/TeXGyreTermesX(0)/m/n/10 :http://www.yunsuan.info/matrixcomputations/
 []

File: assets/figure-7cf18de24b7d.png Graphic file (type bmp)
<assets/figure-7cf18de24b7d.png>
[14]
Chapter 2.
File: assets/figure-40e35c707e27.png Graphic file (type bmp)
<assets/figure-40e35c707e27.png>
File: assets/figure-54a09f852c31.png Graphic file (type bmp)
<assets/figure-54a09f852c31.png>
[15

] [16]
Underfull \hbox (badness 1701) in paragraph at lines 715--716
[]|\TU/SimSun(0)/m/n/9 说 明 \TU/TeXGyreTermesX(0)/m/n/9 spin Hamiltonian /
 []


Underfull \hbox (badness 1178) in paragraph at lines 719--719
[]|\TU/TeXGyreTermesX(0)/m/n/9 Yang et al., Phys. Rev.
 []


Underfull \hbox (badness 5064) in paragraph at lines 720--720
[]|\TU/TeXGyreTermesX(0)/m/n/9 Loh & Gan, AIP Adv.
 []


Underfull \hbox (badness 3635) in paragraph at lines 720--720
[]|\TU/TeXGyreTermesX(0)/m/n/9 bulk FeGe spin spiral /
 []


Underfull \hbox (badness 2913) in paragraph at lines 721--721
[]|\TU/TeXGyreTermesX(0)/m/n/9 Wannier / first-principles
 []


Underfull \hbox (badness 10000) in paragraph at lines 722--723
[]|\TU/SimSun(0)/m/n/9 自 动 提 取 \TU/TeXGyreTermesX(0)/m/n/9 (J_{ij})\TU/SimSun(0)/m/n/9 、| \TU/TeXGyreTermesX(0)/m/n/9 (\
 []


Underfull \hbox (badness 10000) in paragraph at lines 723--723
[]|\TU/TeXGyreTermesX(0)/m/n/9 Mahfouzi & Kioussis,
 []


ignored: Infinite glue shrinkage found in box being split [17] [18] [19] [20] [21] [22] [23] [24] [25]
Chapter 3.

Underfull \hbox (badness 7099) in paragraph at lines 1255--1255
[]\TU/SimSun(0)/m/n/10 再 进 行 静 态 自 洽 计 算\TU/TeXGyreTermesX(0)/m/n/10 , \TU/SimSun(0)/m/n/10 即\TU/TeXGyreTermesX(0)/m/n/10 , \TU/SimSun(0)/m/n/10 使 用 优 化 后 的 结 构\TU/TeXGyreTermesX(0)/m/n/10 , \TU/SimSun(0)/m/n/10 分 别 对 铁 磁 和 反 铁 磁 的 磁 构 型 进 行 静 态 自 洽 计 算
 []

[26

] [27] [28

]
Chapter 4.
[29

]
Underfull \hbox (badness 6559) in paragraph at lines 1412--1412
[]\TU/SimSun(0)/m/n/10 同 时 需 要 确 保 \TU/TeXGyreTermesX(0)/m/n/10 wannier90.x \TU/SimSun(0)/m/n/10 可 执 行 文 件 已 编 译 为 其 并 行 版 本 \TU/TeXGyreTermesX(0)/m/n/10 (\TU/SimSun(0)/m/n/10 可 遵 循 \TU/TeXGyreTermesX(0)/m/n/10 wannier90 \TU/SimSun(0)/m/n/10 发 行 版 主 目 录 下
 []

[30]
File: assets/figure-d68f621e2425.png Graphic file (type bmp)
<assets/figure-d68f621e2425.png>
File: assets/figure-6b241b232566.png Graphic file (type bmp)
<assets/figure-6b241b232566.png>
 [31]
File: assets/figure-939937979338.png Graphic file (type bmp)
<assets/figure-939937979338.png>
 [32]
File: assets/figure-e19a9c3456a8.png Graphic file (type bmp)
<assets/figure-e19a9c3456a8.png>
 [33]
File: assets/figure-99b81f5b40c8.png Graphic file (type bmp)
<assets/figure-99b81f5b40c8.png>
 [34]
File: assets/figure-99b81f5b40c8.png Graphic file (type bmp)
<assets/figure-99b81f5b40c8.png>
File: assets/figure-d17082098141.png Graphic file (type bmp)
<assets/figure-d17082098141.png>
File: assets/figure-06aa82188508.png Graphic file (type bmp)
<assets/figure-06aa82188508.png>
 [35]
File: assets/figure-717e1b16130f.png Graphic file (type bmp)
<assets/figure-717e1b16130f.png>
File: assets/figure-4c9379ca045b.png Graphic file (type bmp)
<assets/figure-4c9379ca045b.png>
 [36]
File: assets/figure-b257c7deffc7.png Graphic file (type bmp)
<assets/figure-b257c7deffc7.png>
File: assets/figure-4f56dec3909b.png Graphic file (type bmp)
<assets/figure-4f56dec3909b.png>
 [37]
File: assets/figure-94b15733933e.png Graphic file (type bmp)
<assets/figure-94b15733933e.png>
File: assets/figure-5bedb082daa6.png Graphic file (type bmp)
<assets/figure-5bedb082daa6.png>
 [38]
File: assets/figure-8c9e3c280c9b.png Graphic file (type bmp)
<assets/figure-8c9e3c280c9b.png>
 [39]
File: assets/figure-957763f1635a.png Graphic file (type bmp)
<assets/figure-957763f1635a.png>
File: assets/figure-dd2190b7d83c.png Graphic file (type bmp)
<assets/figure-dd2190b7d83c.png>
 [40] [41]
File: assets/figure-81bd9174f5c1.png Graphic file (type bmp)
<assets/figure-81bd9174f5c1.png>
File: assets/figure-8a3462a72310.png Graphic file (type bmp)
<assets/figure-8a3462a72310.png>
 [42] [43]
LaTeX Font Info:    Font shape `TU/TeXGyreTermesX(0)/b/it' will be
(Font)              scaled to size 10.0pt on input line 1852.
 [44]
Underfull \hbox (badness 1742) in paragraph at lines 1875--1875
[]\TU/SimSun(0)/m/n/10 拟 合 完 的 指 令\TU/TeXGyreTermesX(0)/m/n/10 :wannier90.x wannier90 & \TU/SimSun(0)/m/n/10 激 活 \TU/TeXGyreTermesX(0)/m/n/10 TB2J:source /public/home/cssong/song/zhchen/1_materials/1_
 []

[45]
File: assets/figure-93553ef48545.png Graphic file (type bmp)
<assets/figure-93553ef48545.png>
File: assets/figure-3a6eb4abd762.png Graphic file (type bmp)
<assets/figure-3a6eb4abd762.png>
File: assets/figure-e0c00fdc4437.png Graphic file (type bmp)
<assets/figure-e0c00fdc4437.png>
 [46]
File: assets/figure-861a0204850f.png Graphic file (type bmp)
<assets/figure-861a0204850f.png>
 [47]
File: assets/figure-ca8bf78846ff.png Graphic file (type bmp)
<assets/figure-ca8bf78846ff.png>
 [48]
File: assets/figure-c7643dd228cd.png Graphic file (type bmp)
<assets/figure-c7643dd228cd.png>
 [49]
File: assets/figure-791977fbbe37.png Graphic file (type bmp)
<assets/figure-791977fbbe37.png>
File: assets/figure-322e9c50b9e5.png Graphic file (type bmp)
<assets/figure-322e9c50b9e5.png>
 [50]
File: assets/figure-0ed857ccb543.png Graphic file (type bmp)
<assets/figure-0ed857ccb543.png>
File: assets/figure-9e58e4077a7f.png Graphic file (type bmp)
<assets/figure-9e58e4077a7f.png>
 [51]
File: assets/figure-13ad9960b5f4.png Graphic file (type bmp)
<assets/figure-13ad9960b5f4.png>
 [52] [53]
File: assets/figure-00f3f298596b.png Graphic file (type bmp)
<assets/figure-00f3f298596b.png>
File: assets/figure-ff1f1a4bcf17.png Graphic file (type bmp)
<assets/figure-ff1f1a4bcf17.png>
File: assets/figure-2ab85037124e.png Graphic file (type bmp)
<assets/figure-2ab85037124e.png>
 [54]
File: assets/figure-67523c0a2b80.png Graphic file (type bmp)
<assets/figure-67523c0a2b80.png>
File: assets/figure-762c34a46c98.png Graphic file (type bmp)
<assets/figure-762c34a46c98.png>
File: assets/figure-cf15d564a292.png Graphic file (type bmp)
<assets/figure-cf15d564a292.png>
 [55]
File: assets/figure-9cf6f3e83501.png Graphic file (type bmp)
<assets/figure-9cf6f3e83501.png>
File: assets/figure-957ea1751eed.png Graphic file (type bmp)
<assets/figure-957ea1751eed.png>
 [56]
File: assets/figure-e6cdc9746339.png Graphic file (type bmp)
<assets/figure-e6cdc9746339.png>
File: assets/figure-31697f4e9f14.png Graphic file (type bmp)
<assets/figure-31697f4e9f14.png>
 [57]
File: assets/figure-099639f8ab48.png Graphic file (type bmp)
<assets/figure-099639f8ab48.png>
File: assets/figure-54d4dbb32681.png Graphic file (type bmp)
<assets/figure-54d4dbb32681.png>
 [58]
Underfull \hbox (badness 1742) in paragraph at lines 2161--2161
[]\TU/SimSun(0)/m/n/10 拟 合 完 的 指 令\TU/TeXGyreTermesX(0)/m/n/10 :wannier90.x wannier90 & \TU/SimSun(0)/m/n/10 激 活 \TU/TeXGyreTermesX(0)/m/n/10 TB2J:source /public/home/cssong/song/zhchen/1_materials/1_
 []

[59]
File: assets/figure-8a1413195a63.png Graphic file (type bmp)
<assets/figure-8a1413195a63.png>
File: assets/figure-833b6b235e2c.png Graphic file (type bmp)
<assets/figure-833b6b235e2c.png>
File: assets/figure-b3072ee3b8e6.png Graphic file (type bmp)
<assets/figure-b3072ee3b8e6.png>
 [60]
File: assets/figure-6d31ad2d130f.png Graphic file (type bmp)
<assets/figure-6d31ad2d130f.png>
File: assets/figure-197666d327dd.png Graphic file (type bmp)
<assets/figure-197666d327dd.png>
 [61]
File: assets/figure-4af6315b4fea.png Graphic file (type bmp)
<assets/figure-4af6315b4fea.png>
File: assets/figure-aedd365bbfe0.png Graphic file (type bmp)
<assets/figure-aedd365bbfe0.png>
 [62]
File: assets/figure-c406328ec990.png Graphic file (type bmp)
<assets/figure-c406328ec990.png>
 [63]
File: assets/figure-6d12ef68d734.png Graphic file (type bmp)
<assets/figure-6d12ef68d734.png>
File: assets/figure-e996c320da30.png Graphic file (type bmp)
<assets/figure-e996c320da30.png>
 [64]
File: assets/figure-9ecf0ba3756f.png Graphic file (type bmp)
<assets/figure-9ecf0ba3756f.png>
File: assets/figure-f5a1c884ad37.png Graphic file (type bmp)
<assets/figure-f5a1c884ad37.png>
File: assets/figure-94535843b624.png Graphic file (type bmp)
<assets/figure-94535843b624.png>
 [65]
File: assets/figure-cc59b284395c.png Graphic file (type bmp)
<assets/figure-cc59b284395c.png>
File: assets/figure-8fcd59f0f7c9.png Graphic file (type bmp)
<assets/figure-8fcd59f0f7c9.png>
 [66]
File: assets/figure-dc0ff9634ab0.png Graphic file (type bmp)
<assets/figure-dc0ff9634ab0.png>
File: assets/figure-9742037530e1.png Graphic file (type bmp)
<assets/figure-9742037530e1.png>
File: assets/figure-d05a793b81a6.png Graphic file (type bmp)
<assets/figure-d05a793b81a6.png>
 [67]
File: assets/figure-c94f587a8e66.png Graphic file (type bmp)
<assets/figure-c94f587a8e66.png>
File: assets/figure-f135d7de0a02.png Graphic file (type bmp)
<assets/figure-f135d7de0a02.png>
 [68]
File: assets/figure-b6a424f0c0a2.png Graphic file (type bmp)
<assets/figure-b6a424f0c0a2.png>
File: assets/figure-942ae03fefcc.png Graphic file (type bmp)
<assets/figure-942ae03fefcc.png>
 [69]
File: assets/figure-86c7f2a6f0a1.png Graphic file (type bmp)
<assets/figure-86c7f2a6f0a1.png>
File: assets/figure-0bee1b2fe5fa.png Graphic file (type bmp)
<assets/figure-0bee1b2fe5fa.png>
 [70]
File: assets/figure-eb5cf8c1688a.png Graphic file (type bmp)
<assets/figure-eb5cf8c1688a.png>
File: assets/figure-75a2e85177d8.png Graphic file (type bmp)
<assets/figure-75a2e85177d8.png>
 [71]
File: assets/figure-040f9ad8c169.png Graphic file (type bmp)
<assets/figure-040f9ad8c169.png>
 [72]
File: assets/figure-f0dfc014fa6f.png Graphic file (type bmp)
<assets/figure-f0dfc014fa6f.png>
 [73]
File: assets/figure-3ca694b9f06c.png Graphic file (type bmp)
<assets/figure-3ca694b9f06c.png>
 [74]
File: assets/figure-99cc04a3c6a4.png Graphic file (type bmp)
<assets/figure-99cc04a3c6a4.png>
 [75]
File: assets/figure-2805648d0e9e.png Graphic file (type bmp)
<assets/figure-2805648d0e9e.png>
 [76]
File: assets/figure-4c4ce1047d57.png Graphic file (type bmp)
<assets/figure-4c4ce1047d57.png>
File: assets/figure-3ef6ae16c153.png Graphic file (type bmp)
<assets/figure-3ef6ae16c153.png>
File: assets/figure-0dc1932a6467.png Graphic file (type bmp)
<assets/figure-0dc1932a6467.png>
 [77]
File: assets/figure-bf2c2f74e318.png Graphic file (type bmp)
<assets/figure-bf2c2f74e318.png>
File: assets/figure-6a184886b69b.png Graphic file (type bmp)
<assets/figure-6a184886b69b.png>
 [78]
File: assets/figure-a3ab59ad59b6.png Graphic file (type bmp)
<assets/figure-a3ab59ad59b6.png>
File: assets/figure-8fab92b83634.png Graphic file (type bmp)
<assets/figure-8fab92b83634.png>
 [79]
File: assets/figure-378fbc103626.png Graphic file (type bmp)
<assets/figure-378fbc103626.png>
File: assets/figure-41a9518760f1.png Graphic file (type bmp)
<assets/figure-41a9518760f1.png>
File: assets/figure-6a8519f15978.png Graphic file (type bmp)
<assets/figure-6a8519f15978.png>
 [80]
File: assets/figure-9df36ed23969.png Graphic file (type bmp)
<assets/figure-9df36ed23969.png>
File: assets/figure-e8391e83fea9.png Graphic file (type bmp)
<assets/figure-e8391e83fea9.png>
 [81]
File: assets/figure-505e282645e1.png Graphic file (type bmp)
<assets/figure-505e282645e1.png>
File: assets/figure-ddf22d1ba32d.png Graphic file (type bmp)
<assets/figure-ddf22d1ba32d.png>
 [82]
File: assets/figure-829308c67948.png Graphic file (type bmp)
<assets/figure-829308c67948.png>
 [83]
File: assets/figure-e30f3a5dc645.png Graphic file (type bmp)
<assets/figure-e30f3a5dc645.png>
File: assets/figure-61f75fc72898.png Graphic file (type bmp)
<assets/figure-61f75fc72898.png>
 [84]
File: assets/figure-756bc1bc3471.png Graphic file (type bmp)
<assets/figure-756bc1bc3471.png>
File: assets/figure-d2e1cb288278.png Graphic file (type bmp)
<assets/figure-d2e1cb288278.png>
 [85]
File: assets/figure-94672265a967.png Graphic file (type bmp)
<assets/figure-94672265a967.png>
File: assets/figure-92a65ce27137.png Graphic file (type bmp)
<assets/figure-92a65ce27137.png>
 [86]
File: assets/figure-0f75fa2c4d13.png Graphic file (type bmp)
<assets/figure-0f75fa2c4d13.png>
File: assets/figure-22ccf816b504.png Graphic file (type bmp)
<assets/figure-22ccf816b504.png>
File: assets/figure-9b5d250a7acc.png Graphic file (type bmp)
<assets/figure-9b5d250a7acc.png>
 [87]
File: assets/figure-2efdb1628035.png Graphic file (type bmp)
<assets/figure-2efdb1628035.png>
File: assets/figure-545edba9c9dc.png Graphic file (type bmp)
<assets/figure-545edba9c9dc.png>
 [88]
File: assets/figure-10a6892da9c9.png Graphic file (type bmp)
<assets/figure-10a6892da9c9.png>
File: assets/figure-9dbe5bc34d30.png Graphic file (type bmp)
<assets/figure-9dbe5bc34d30.png>
 [89]
File: assets/figure-965f8aa57509.png Graphic file (type bmp)
<assets/figure-965f8aa57509.png>
File: assets/figure-64c4e6cbd068.png Graphic file (type bmp)
<assets/figure-64c4e6cbd068.png>
 [90]
File: assets/figure-689b0719d8d6.png Graphic file (type bmp)
<assets/figure-689b0719d8d6.png>
 [91]
File: assets/figure-8a1413195a63.png Graphic file (type bmp)
<assets/figure-8a1413195a63.png>
File: assets/figure-833b6b235e2c.png Graphic file (type bmp)
<assets/figure-833b6b235e2c.png>
 [92]
File: assets/figure-b3072ee3b8e6.png Graphic file (type bmp)
<assets/figure-b3072ee3b8e6.png>
File: assets/figure-6d31ad2d130f.png Graphic file (type bmp)
<assets/figure-6d31ad2d130f.png>
 [93]
File: assets/figure-197666d327dd.png Graphic file (type bmp)
<assets/figure-197666d327dd.png>
File: assets/figure-4af6315b4fea.png Graphic file (type bmp)
<assets/figure-4af6315b4fea.png>
 [94] [95] [96] [97] [98] [99] [100] [101] [102] [103]
LaTeX Font Info:    Font shape `TU/TeXGyreTermesX(0)/m/n' will be
(Font)              scaled to size 8.0pt on input line 3175.
LaTeX Font Info:    Font shape `TU/TeXGyreTermesX(0)/m/n' will be
(Font)              scaled to size 5.0pt on input line 3175.
 [104] [105] [106]
Chapter 5.
[107

] [108]
File: assets/figure-4b7a207f236a.png Graphic file (type bmp)
<assets/figure-4b7a207f236a.png>
 [109] [110] [111] [112] [113] [114] [115]
File: assets/figure-b34c312a7a8e.png Graphic file (type bmp)
<assets/figure-b34c312a7a8e.png>
File: assets/figure-724d1435aaff.png Graphic file (type bmp)
<assets/figure-724d1435aaff.png>
 [116]
File: assets/figure-bcfd10796ea6.png Graphic file (type bmp)
<assets/figure-bcfd10796ea6.png>
 [117] [118] [119] [120] [121]
File: assets/figure-79c83298d674.png Graphic file (type bmp)
<assets/figure-79c83298d674.png>
 [122]
File: assets/figure-ddea0d20603c.png Graphic file (type bmp)
<assets/figure-ddea0d20603c.png>
 [123]
Underfull \hbox (badness 2277) in paragraph at lines 4335--4335
[]\TU/SimSun(0)/m/n/10 在 \TU/TeXGyreTermesX(0)/m/n/10 pythtb \TU/SimSun(0)/m/n/10 的 旧 版 本 中\TU/TeXGyreTermesX(0)/m/n/10 , \TU/SimSun(0)/m/n/10 用 户 无 法 直 接 获 取 哈 密 顿 矩 阵。|  相 反\TU/TeXGyreTermesX(0)/m/n/10 , \TU/SimSun(0)/m/n/10 需 要 通 过 调 用 \TU/TeXGyreTermesX(0)/m/n/10 my_model.solve_all(kpts)
 []


Underfull \hbox (badness 2393) in paragraph at lines 4335--4335
\TU/SimSun(0)/m/n/10 或 \TU/TeXGyreTermesX(0)/m/n/10 my_model.solve_one(kpt) \TU/SimSun(0)/m/n/10 函 数 来 获 取 给 定 \TU/TeXGyreTermesX(0)/m/n/10 k \TU/SimSun(0)/m/n/10 点 的 本 征 值 和 本 征 向 量。|  而 在 \TU/TeXGyreTermesX(0)/m/n/10 v2.0 \TU/SimSun(0)/m/n/10 版 本 中\TU/TeXGyreTermesX(0)/m/n/10 , \TU/SimSun(0)/m/n/10 新 增 了 \TU/TeXGyreTermesX(0)/m/n/10 my_
 []

[124]
File: assets/figure-392b9eed7e60.png Graphic file (type bmp)
<assets/figure-392b9eed7e60.png>
 [125] [126] [127] [128]
File: assets/figure-aec29f9091a5.png Graphic file (type bmp)
<assets/figure-aec29f9091a5.png>
 [129]
File: assets/figure-7df2b4942a05.png Graphic file (type bmp)
<assets/figure-7df2b4942a05.png>
File: assets/figure-2006c3913eeb.png Graphic file (type bmp)
<assets/figure-2006c3913eeb.png>
 [130]
File: assets/figure-14b50036bc6e.png Graphic file (type bmp)
<assets/figure-14b50036bc6e.png>
 [131]
File: assets/figure-af266d2fdadf.png Graphic file (type bmp)
<assets/figure-af266d2fdadf.png>
 [132]
File: assets/figure-ce32f52da1be.png Graphic file (type bmp)
<assets/figure-ce32f52da1be.png>
File: assets/figure-a0aec7da843d.png Graphic file (type bmp)
<assets/figure-a0aec7da843d.png>
 [133]
File: assets/figure-af266d2fdadf.png Graphic file (type bmp)
<assets/figure-af266d2fdadf.png>
 [134]
File: assets/figure-ce32f52da1be.png Graphic file (type bmp)
<assets/figure-ce32f52da1be.png>
File: assets/figure-a0aec7da843d.png Graphic file (type bmp)
<assets/figure-a0aec7da843d.png>
 [135] [136] [137] [138]
Chapter 6.
[139

] [140] [141] [142] [143] [144] [145] [146] [147] [148] [149] [150] [151]
Underfull \hbox (badness 1337) in paragraph at lines 5914--5915
[]\TU/SimSun(0)/m/n/10 将 \TU/TeXGyreTermesX(0)/m/n/10 GitHub Pages \TU/SimSun(0)/m/n/10 的 部 署 方 式 从 原 先 的 默 认 分 支 构 建\TU/TeXGyreTermesX(0)/m/n/10 , \TU/SimSun(0)/m/n/10 切 换 到 \TU/TeXGyreTermesX(0)/m/n/10 GitHub Actions \TU/SimSun(0)/m/n/10 自 定 义 构 建\TU/TeXGyreTermesX(0)/m/n/10 , \TU/SimSun(0)/m/n/10 以 便 支 持
 []

[152] [153] [154] [155] [156] [157] [158] [159] [160] [161] [162] [163] [164] [165] [166] [167] [168] [169] [170] [171] [172] [173] [174] [175] [176] [177] [178] [179]
Underfull \hbox (badness 10000) in paragraph at lines 8137--8137
[]\TU/SimSun(0)/m/n/10 但 最 开 始 的 \TU/DejaVuSansMono(0)/m/n/10 home.html \TU/SimSun(0)/m/n/10 和 \TU/DejaVuSansMono(0)/m/n/10 autopage_category.html \TU/SimSun(0)/m/n/10 文 章 列 表 结 构 没 有 统 一 包 在
 []

[180] [181] [182] [183] [184] [185] [186] [187] [188] [189] [190] [191] [192] [193] [194] [195] [196] [197] [198] [199] [200] [201] [202] [203] [204] [205] [206] [207] [208] [209] [210] [211] [212] [213

]
Chapter 7.
[214

] [215] [216] [217] [218] [219] [220] [221]
Underfull \hbox (badness 2245) in paragraph at lines 11222--11222
\TU/SimSun(0)/b/n/10 原 始 路 径\TU/TeXGyreTermesX(0)/b/n/10 : \TU/DejaVuSansMono(0)/m/n/10 D:\1_ML\tts\TTS_Step08M_Mechanism_Aware_ML-final\TTS_step08M_mechanism_
 []


Underfull \hbox (badness 10000) in paragraph at lines 11239--11239
\TU/SimSun(0)/b/n/10 原 始 路 径\TU/TeXGyreTermesX(0)/b/n/10 : \TU/DejaVuSansMono(0)/m/n/10 D:\1_ML\tts\TTS_Step08M_Mechanism_Aware_ML-final\TTS_step11M_lieb_
 []


Underfull \hbox (badness 10000) in paragraph at lines 11256--11256
\TU/SimSun(0)/b/n/10 原 始 路 径\TU/TeXGyreTermesX(0)/b/n/10 : \TU/DejaVuSansMono(0)/m/n/10 D:\1_ML\tts\TTS_Step08M_Mechanism_Aware_ML-final\TTS_step12M_junction_
 []


Underfull \hbox (badness 10000) in paragraph at lines 11273--11273
\TU/SimSun(0)/b/n/10 原 始 路 径\TU/TeXGyreTermesX(0)/b/n/10 : \TU/DejaVuSansMono(0)/m/n/10 D:\1_ML\tts\TTS_Step08M_Mechanism_Aware_ML-final\TTS_step13M_adaptive_
 []

[222]
Underfull \hbox (badness 10000) in paragraph at lines 11290--11290
\TU/SimSun(0)/b/n/10 原 始 路 径\TU/TeXGyreTermesX(0)/b/n/10 : \TU/DejaVuSansMono(0)/m/n/10 D:\1_ML\tts\TTS_Step08M_Mechanism_Aware_ML-final\TTS_step14M_physics_
 []


Underfull \hbox (badness 10000) in paragraph at lines 11324--11324
\TU/SimSun(0)/b/n/10 原 始 路 径\TU/TeXGyreTermesX(0)/b/n/10 : \TU/DejaVuSansMono(0)/m/n/10 D:\1_ML\tts\TTS_Step08M_Mechanism_Aware_ML-final\TTS_step16M_mass_
 []

[223]
Underfull \hbox (badness 10000) in paragraph at lines 11341--11341
\TU/SimSun(0)/b/n/10 原 始 路 径\TU/TeXGyreTermesX(0)/b/n/10 : \TU/DejaVuSansMono(0)/m/n/10 D:\1_ML\tts\TTS_Step08M_Mechanism_Aware_ML-final\TTS_step17M_random_
 []

[224]
Underfull \hbox (badness 10000) in paragraph at lines 11393--11393
\TU/SimSun(0)/b/n/10 原 始 路 径\TU/TeXGyreTermesX(0)/b/n/10 : \TU/DejaVuSansMono(0)/m/n/10 D:\1_ML\tts\TTS_step18_three_system_wanniertools_style_edge_ahc_
 []

[225] [226] [227]
Underfull \hbox (badness 6204) in paragraph at lines 11572--11573
[]|\TU/SimSun(0)/m/n/9 数 值 内 容 由 代 码 生 成\TU/TeXGyreTermesX(0)/m/n/9 , \TU/SimSun(0)/m/n/9 总 图 含
 []


Underfull \hbox (badness 2326) in paragraph at lines 11581--11582
\TU/TeXGyreTermesX(0)/m/n/10 1, C↓ = −1 \TU/SimSun(0)/m/n/10 自 旋 陈 金 属 样 本\TU/TeXGyreTermesX(0)/m/n/10 :\TU/DejaVuSansMono(0)/m/n/10 rs-rd_i0031_j0044 \TU/SimSun(0)/m/n/10 直 接 带 隙 \TU/TeXGyreTermesX(0)/m/n/10 3.49 meV; \TU/SimSun(0)/m/n/10 间 接 带 隙 \TU/TeXGyreTermesX(0)/m/n/10 −2.94 meV\TU/SimSun(0)/m/n/10 。| \TU/DejaVuSansMono(0)/m/n/10 (m_e,
 []

[228] [229]
Chapter 8.

Underfull \hbox (badness 10000) in paragraph at lines 11633--11633
[]\TU/TeXGyreTermesX(0)/m/n/10 import sympy as sp from sympy.core.numbers import I import sympy.physics.matrices as sm from
 []

[230

]
Underfull \hbox (badness 10000) in paragraph at lines 11672--11672
[]\TU/TeXGyreTermesX(0)/m/n/10 time_reversal = sr.SymmetryOperation( rotation_matrix=sp.eye(3), # \TU/SimSun(0)/m/n/10 空 间 上 不 旋 转 \TU/TeXGyreTermesX(0)/m/n/10 repr_
 []

[231] [232] [233]
File: assets/figure-8eaf301b7f1f.png Graphic file (type bmp)
<assets/figure-8eaf301b7f1f.png>
 [234]
File: assets/figure-77c40e47a7aa.png Graphic file (type bmp)
<assets/figure-77c40e47a7aa.png>
File: assets/figure-64f2dcd3cbe8.png Graphic file (type bmp)
<assets/figure-64f2dcd3cbe8.png>
File: assets/figure-8cf888eb4866.png Graphic file (type bmp)
<assets/figure-8cf888eb4866.png>
 [235]
File: assets/figure-d935cbb83dc1.png Graphic file (type bmp)
<assets/figure-d935cbb83dc1.png>
File: assets/figure-fca0d9955ed0.png Graphic file (type bmp)
<assets/figure-fca0d9955ed0.png>
 [236]
File: assets/figure-d8257bd892e4.png Graphic file (type bmp)
<assets/figure-d8257bd892e4.png>
File: assets/figure-f4da1ee86cd4.png Graphic file (type bmp)
<assets/figure-f4da1ee86cd4.png>
File: assets/figure-3e73d965de87.png Graphic file (type bmp)
<assets/figure-3e73d965de87.png>
 [237] [238] [239]
Underfull \hbox (badness 6658) in paragraph at lines 12029--12029
[]\TU/SimSun(0)/m/n/10 源 文 件 目 录\TU/TeXGyreTermesX(0)/m/n/10 :/public/home/cssong/song/1mrx/9_single_layer/19_ReIrGe2S6/TcIrGeSe/ 3_static_band/4_wannier/
 []

File: assets/figure-131c738168c6.png Graphic file (type bmp)
<assets/figure-131c738168c6.png>
[240]
File: assets/figure-23cf9091990d.png Graphic file (type bmp)
<assets/figure-23cf9091990d.png>
File: assets/figure-ce796e5cbecb.png Graphic file (type bmp)
<assets/figure-ce796e5cbecb.png>
 [241] [242] [243] [244] [245] [246] [247]
Underfull \hbox (badness 2521) in paragraph at lines 12429--12429
[]\TU/TeXGyreTermesX(0)/m/n/10 wannier90_hr.dat(\TU/SimSun(0)/m/n/10 对 应 |–| \TU/TeXGyreTermesX(0)/m/n/10 hr \TU/SimSun(0)/m/n/10 参 数\TU/TeXGyreTermesX(0)/m/n/10 ): \TU/SimSun(0)/m/n/10 提 取 \TU/TeXGyreTermesX(0)/m/n/10 R=(0,0,0) \TU/SimSun(0)/m/n/10 的 矩 阵 元\TU/TeXGyreTermesX(0)/m/n/10 , \TU/SimSun(0)/m/n/10 构 建 \TU/TeXGyreTermesX(0)/m/n/10 on‐site \TU/SimSun(0)/m/n/10 哈 密 顿 量 并 做 厄 米 化 处 理
 []

[248] [249] [250] [251] [252] [253] [254] [255] [256] [257] [258]
Underfull \hbox (badness 10000) in paragraph at lines 13269--13270
[]\TU/DejaVuSansMono(0)/m/n/10 04_datasets/stage0_raw_merged/final_dataset_stage0_global_random_
 []

[259] [260]
Underfull \hbox (badness 10000) in paragraph at lines 13435--13436
\TU/DejaVuSansMono(0)/m/n/10 gap_min, is_physical_insulator, chern, is_topo_by_chern, chern_reliable,
 []


Underfull \hbox (badness 10000) in paragraph at lines 13435--13436
\TU/DejaVuSansMono(0)/m/n/10 chern_reliable_strict, boundary_sensitive_flag, boundary_sensitive_score,
 []

[261]
Underfull \hbox (badness 10000) in paragraph at lines 13564--13565
\TU/TeXGyreTermesX(0)/m/n/10 merge \TU/SimSun(0)/m/n/10 后 参 数 列 可 能 变 成 \TU/DejaVuSansMono(0)/m/n/10 e1_band / e1_chern\TU/TeXGyreTermesX(0)/m/n/10 , \TU/SimSun(0)/m/n/10 旧 版 只 找 \TU/DejaVuSansMono(0)/m/n/10 e1\TU/TeXGyreTermesX(0)/m/n/10 , \TU/SimSun(0)/m/n/10 导 致 \TU/DejaVuSansMono(0)/m/n/10 master_stage0_
 []

[262] [263] [264] [265] [266] [267] [268] [269] [270] [271] [272] [273] [274] [275] [276]
Underfull \hbox (badness 10000) in paragraph at lines 14744--14745
[]\TU/DejaVuSansMono(0)/m/n/10 05_ml_models/levelB_augmentation_analysis/recommended_levelB_
 []

[277] [278]
Underfull \hbox (badness 10000) in paragraph at lines 14958--14959
[]\TU/DejaVuSansMono(0)/m/n/10 06_outputs/proxy_small_eval_eval/proxy_vs_chern_merged_100_
 []

[279] [280] [281] [282]
Underfull \hbox (badness 10000) in paragraph at lines 15304--15305
[]\TU/SimSun(0)/m/n/10 当 前 第 二 项 应 用 讨 论 的 是\TU/TeXGyreTermesX(0)/m/n/10 :\TU/DejaVuSansMono(0)/m/n/10 topological classification / phase boundary / boundary
 []

[283]
Underfull \hbox (badness 10000) in paragraph at lines 15320--15320
[]\TU/DejaVuSansMono(0)/m/n/10 D:\\TU/MicrosoftYaHei(0)/m/n/10 论 文\TU/DejaVuSansMono(0)/m/n/10 \ML\Nb2Se2O_ML_Topo_123_342\04_datasets\master_tables\master_dataset_
 []


Underfull \hbox (badness 10000) in paragraph at lines 15332--15332
[]\TU/DejaVuSansMono(0)/m/n/10 D:\\TU/MicrosoftYaHei(0)/m/n/10 论 文\TU/DejaVuSansMono(0)/m/n/10 \ML\Nb2Se2O_ML_Topo_123_342\05_ml_models\1_levelA_insulator_final\
 []


Underfull \hbox (badness 10000) in paragraph at lines 15344--15344
[]\TU/DejaVuSansMono(0)/m/n/10 D:\\TU/MicrosoftYaHei(0)/m/n/10 论 文\TU/DejaVuSansMono(0)/m/n/10 \ML\Nb2Se2O_ML_Topo_123_342\05_ml_models\3_levelC_reliability_final\
 []

[284] [285] [286]
Underfull \hbox (badness 10000) in paragraph at lines 15591--15591
[]\TU/DejaVuSansMono(0)/m/n/10 D:\\TU/MicrosoftYaHei(0)/m/n/10 论 文\TU/DejaVuSansMono(0)/m/n/10 \ML\Nb2Se2O_ML_Topo_123_342\06_outputs\application2_parameter_
 []

[287] [288] [289] [290] [291] [292] [293]
Chapter 9.
[294

] [295] [296] [297] [298] [299

]
Chapter 10.
[300

] [301] [302] [303]
File: assets/figure-f4be811e7e38.png Graphic file (type bmp)
<assets/figure-f4be811e7e38.png>
 [304] [305]
Chapter 11.
File: assets/figure-40e35c707e27.png Graphic file (type bmp)
<assets/figure-40e35c707e27.png>
File: assets/figure-54a09f852c31.png Graphic file (type bmp)
<assets/figure-54a09f852c31.png>
[306

]
File: assets/figure-535a98d36d85.png Graphic file (type bmp)
<assets/figure-535a98d36d85.png>
 [307]
File: assets/figure-9a5bfaa9f620.png Graphic file (type bmp)
<assets/figure-9a5bfaa9f620.png>
 [308] [309] [310] [311] [312]
Chapter 12.
[313

] [314] [315] [316] [317] [318] [319] [320] [321] [322] [323] [324

]
Chapter 13.
[325

] [326]
File: assets/figure-094d146be497.png Graphic file (type bmp)
<assets/figure-094d146be497.png>
File: assets/figure-cb367161a90e.png Graphic file (type bmp)
<assets/figure-cb367161a90e.png>
 [327]
File: assets/figure-b96fa9cfb0cc.png Graphic file (type bmp)
<assets/figure-b96fa9cfb0cc.png>
File: assets/figure-ac3dca427c18.png Graphic file (type bmp)
<assets/figure-ac3dca427c18.png>
 [328]
File: assets/figure-2b384f217479.png Graphic file (type bmp)
<assets/figure-2b384f217479.png>
File: assets/figure-049bd987e9e3.png Graphic file (type bmp)
<assets/figure-049bd987e9e3.png>
 [329]
File: assets/figure-ca38876f2a49.png Graphic file (type bmp)
<assets/figure-ca38876f2a49.png>
 [330]
File: assets/figure-e28763563161.png Graphic file (type bmp)
<assets/figure-e28763563161.png>
 [331]
Chapter 14.
[332

]
File: assets/figure-aaf3a42bf79c.png Graphic file (type bmp)
<assets/figure-aaf3a42bf79c.png>
File: assets/figure-e22453941771.png Graphic file (type bmp)
<assets/figure-e22453941771.png>
 [333]
File: assets/figure-c03c7c7154df.png Graphic file (type bmp)
<assets/figure-c03c7c7154df.png>
File: assets/figure-5a530c20f5df.png Graphic file (type bmp)
<assets/figure-5a530c20f5df.png>
 [334]
File: assets/figure-31fb2f8b3003.png Graphic file (type bmp)
<assets/figure-31fb2f8b3003.png>
File: assets/figure-f6ea65d48347.png Graphic file (type bmp)
<assets/figure-f6ea65d48347.png>
 [335]
File: assets/figure-a583c4f09bc6.png Graphic file (type bmp)
<assets/figure-a583c4f09bc6.png>
File: assets/figure-f798f8a1fb4b.png Graphic file (type bmp)
<assets/figure-f798f8a1fb4b.png>
 [336]
File: assets/figure-6091cc9668a5.png Graphic file (type bmp)
<assets/figure-6091cc9668a5.png>
File: assets/figure-33bda8d3a6ff.png Graphic file (type bmp)
<assets/figure-33bda8d3a6ff.png>
File: assets/figure-a5d7bec8faff.png Graphic file (type bmp)
<assets/figure-a5d7bec8faff.png>
 [337]
File: assets/figure-2a01a31f4c7a.png Graphic file (type bmp)
<assets/figure-2a01a31f4c7a.png>
File: assets/figure-56668064cbe7.png Graphic file (type bmp)
<assets/figure-56668064cbe7.png>
 [338]
File: assets/figure-2f5b2428140b.png Graphic file (type bmp)
<assets/figure-2f5b2428140b.png>
 [339]
File: assets/figure-34f2c6ba20fd.png Graphic file (type bmp)
<assets/figure-34f2c6ba20fd.png>
File: assets/figure-422d2acae09d.png Graphic file (type bmp)
<assets/figure-422d2acae09d.png>
 [340]
File: assets/figure-ac28b8f42371.png Graphic file (type bmp)
<assets/figure-ac28b8f42371.png>
File: assets/figure-f1cb3f01749d.png Graphic file (type bmp)
<assets/figure-f1cb3f01749d.png>
 [341]
File: assets/figure-6011523f1d6b.png Graphic file (type bmp)
<assets/figure-6011523f1d6b.png>
 [342]
File: assets/figure-ab551cbdb8f2.png Graphic file (type bmp)
<assets/figure-ab551cbdb8f2.png>
File: assets/figure-08d3e1cf98c7.png Graphic file (type bmp)
<assets/figure-08d3e1cf98c7.png>
 [343]
File: assets/figure-857a8cdba63e.png Graphic file (type bmp)
<assets/figure-857a8cdba63e.png>
File: assets/figure-422c2f3392b3.png Graphic file (type bmp)
<assets/figure-422c2f3392b3.png>
 [344]
File: assets/figure-ebf45411ad37.png Graphic file (type bmp)
<assets/figure-ebf45411ad37.png>
File: assets/figure-75c998601252.png Graphic file (type bmp)
<assets/figure-75c998601252.png>
 [345]
File: assets/figure-8ee02f59513c.png Graphic file (type bmp)
<assets/figure-8ee02f59513c.png>
File: assets/figure-f2d52503788c.png Graphic file (type bmp)
<assets/figure-f2d52503788c.png>
 [346]
File: assets/figure-feaab35e2980.png Graphic file (type bmp)
<assets/figure-feaab35e2980.png>
 [347]
附录 A.
LaTeX Font Info:    Font shape `TU/TeXGyreTermesX(0)/m/n' will be
(Font)              scaled to size 7.0pt on input line 18184.
[348

] [349] [350] [351] [352] [353] [354] [355] [356] [357] [358] [359] [360] [361] [362] [363] [364] [365] [366] [367] [368] [369] [370] [371] [372] [373] [374] [375] [376] [377] [378] [379] [380] [381] [382] [383] [384] [385] [386] [387] [388] [389] [390] [391] [392] [393] [394] [395] [396] [397] [398] [399] [400] [401] [402] [403] [404] [405] [406] [407] [408] [409] [410] [411] [412] [413] [414] [415] [416] [417] [418] [419] [420] [421] [422] [423] [424] [425] [426] [427] [428] [429] [430] [431] [432] [433] [434] [435] [436] [437] [438] [439] [440] [441] [442] [443] [444] [445] [446] [447] [448] [449] [450] [451] [452] [453] [454] [455] [456] [457] [458] [459] [460] [461] [462] [463] [464] [465] [466] [467] [468] [469] [470] [471] [472] [473] [474] [475] [476] [477] [478] [479] [480] [481] [482] [483] [484] [485] [486] [487] [488] [489] [490] [491] [492] [493] [494] [495] [496] [497] [498] [499] [500] [501] [502] [503] [504] [505] [506] [507] [508] [509] [510] [511] [512] [513] [514] [515] [516] [517] [518] [519] [520] [521] [522] [523] [524] [525] [526] [527] [528] [529] [530] [531] [532] [533] [534] [535] [536] [537] [538] [539] [540] [541] [542] [543] [544] [545] [546] [547] [548] [549] [550] [551] [552] [553] [554] [555] [556] [557] [558] [559] [560] [561] [562] [563] [564] [565] [566] [567] [568] [569] [570] [571] [572] [573] [574] [575] [576] [577] [578] [579] [580] [581] [582] [583] [584] [585] [586] [587] [588] [589] [590] [591] [592] [593] [594] [595] [596] [597] [598] [599] [600] [601] [602] [603] [604] [605] [606] [607] [608] [609] [610] [611] [612] [613] [614] [615] [616] [617] [618] [619] [620] [621] [622] [623] [624] [625] [626] [627] [628] [629] [630] [631] [632] [633] [634] [635] [636] [637] [638] [639] [640] [641] [642] [643] [644] [645] [646] [647] [648] [649] [650] [651] [652] [653] [654] [655] [656] [657] [658] [659] [660] [661] [662] [663] [664] [665] [666] [667] [668] [669] [670] [671] [672] [673] [674] [675] [676] [677] [678] [679] [680] [681] [682] [683] [684] [685] [686] [687] [688] [689] [690] [691] [692] [693] [694] [695] [696] [697] [698] [699] [700] [701] [702] [703] [704] [705] [706] [707] [708] [709] [710] [711] [712] [713] [714] [715] [716] [717] [718] [719] [720] [721] [722] [723] [724] [725] [726] [727] [728] [729] [730] [731] [732] [733] [734] [735] [736] [737] [738] [739] [740] [741] [742] [743] [744] [745] [746] [747] [748] [749] [750] [751] [752] [753] [754] [755] [756] [757] [758] [759] [760] [761] [762] [763] [764] [765] [766] [767] [768] [769] [770] [771] [772] [773] [774] [775] [776] [777] [778] [779] [780] [781] [782] [783] [784] [785] [786] [787] [788] [789] [790] [791] [792] [793] [794] [795] [796] [797] [798] [799] [800] [801] [802] [803] [804] [805] [806] [807] [808] [809] [810] [811] [812] [813] [814] [815] [816] [817] [818] [819] [820] [821] [822] [823] [824] [825] [826] [827] [828] [829] [830] [831] [832] [833] [834] [835] [836] [837] [838] [839] [840] [841] [842] [843] [844] [845] [846] [847] [848] [849] [850] [851] [852] [853] [854] [855] [856] [857] [858] [859] [860] [861] [862] [863] [864] [865] [866] [867] [868] [869] [870] [871] [872] [873] [874] [875] [876] [877] [878] [879] [880] [881] [882] [883] [884] [885] [886] [887] [888] [889] [890] [891] [892] [893] [894] [895] [896] [897] [898] [899] [900] [901] [902] [903] [904] [905] [906] [907] [908] [909] [910] [911] [912] [913] [914] [915] [916] [917] [918] [919] [920] [921] [922] [923] [924] [925] [926] [927] [928] [929] [930] [931] [932] [933] [934] [935] [936] [937] [938] [939] [940] [941] [942] [943] [944] [945] [946] [947] [948] [949] [950] [951] [952] [953] [954] [955] [956] [957] [958] [959] [960] [961] [962] [963] [964] [965] [966] [967] [968] [969] [970] [971] [972] [973] [974] [975] [976] [977] [978] [979] [980] [981] [982] [983] [984] [985] [986] [987] [988] [989] [990] [991] [992] [993] [994] [995] [996] [997] [998] [999] [1000] [1001] [1002] [1003] [1004] [1005] [1006] [1007] [1008] [1009] [1010] [1011] [1012] [1013] [1014] [1015] [1016] [1017] [1018] [1019] [1020] [1021] [1022] [1023] [1024] [1025] [1026] [1027] [1028] [1029] [1030] [1031] [1032] [1033] [1034] [1035] [1036] [1037] [1038] [1039] [1040] [1041] [1042] [1043] [1044] [1045] [1046] [1047] [1048] [1049] [1050] [1051] [1052] [1053] [1054] [1055] [1056] [1057] [1058] [1059] [1060] [1061] [1062] [1063] [1064] [1065] [1066] [1067] [1068] [1069] [1070] [1071] [1072] [1073] [1074] [1075] [1076] [1077] [1078] [1079] [1080] [1081] [1082] [1083] [1084] [1085] [1086] [1087] [1088] [1089] [1090] [1091] [1092] [1093] [1094] [1095] [1096] [1097] [1098] [1099] [1100] [1101] [1102] [1103] [1104] [1105] [1106] [1107] [1108] [1109] [1110] [1111] [1112] [1113] [1114] [1115] [1116] [1117] [1118] [1119] [1120] [1121] [1122] [1123] [1124] [1125] [1126] [1127] [1128] [1129] [1130] [1131] [1132] [1133] [1134] [1135] [1136] [1137] [1138] [1139] [1140] [1141] [1142] [1143] [1144] [1145] [1146] [1147] [1148] [1149] [1150] [1151] [1152] [1153] [1154] [1155] [1156] [1157] [1158] [1159] [1160] [1161] [1162] [1163] [1164] [1165] [1166] [1167] [1168] [1169] [1170] [1171] [1172] [1173] [1174] [1175] [1176] [1177] [1178] [1179] [1180] [1181] [1182] [1183] [1184] [1185] [1186] [1187] [1188] [1189] [1190] [1191] [1192] [1193] [1194] [1195] [1196] [1197] [1198] [1199] [1200] [1201] [1202] [1203] [1204] [1205] [1206] [1207] [1208] [1209] [1210] [1211] [1212] [1213] [1214] [1215] [1216] [1217] [1218] [1219] [1220] [1221] [1222] [1223] [1224] [1225] [1226] [1227] [1228] [1229] [1230] [1231] [1232] [1233] [1234] [1235] [1236] [1237] [1238] [1239] [1240] [1241] [1242] [1243] [1244] [1245] [1246] [1247] [1248] [1249] [1250] [1251] [1252] [1253] [1254] [1255] [1256] [1257] [1258] [1259] [1260] [1261] [1262] [1263] [1264] [1265] [1266] [1267] [1268] [1269] [1270] [1271] [1272] [1273] [1274] [1275] [1276] [1277] [1278] [1279] [1280] [1281] [1282] [1283] [1284] [1285] [1286] [1287] [1288] [1289] [1290] [1291] [1292] [1293] [1294] [1295] [1296] [1297] [1298] [1299] [1300] [1301] [1302] [1303] [1304] [1305] [1306] [1307] [1308] [1309] [1310] [1311] [1312] [1313] [1314] [1315] [1316] [1317] [1318] [1319] [1320] [1321] [1322] [1323] [1324] [1325] [1326] [1327] [1328] [1329] [1330] (./research_handbook.aux)
 ***********
LaTeX2e <2025-11-01>
L3 programming layer <2022/08/05>
 ***********
Package logreq Info: Writing requests to 'research_handbook.run.xml'.
\openout1 = `research_handbook.run.xml'.

 ) 
Here is how much of TeX's memory you used:
 54028 strings out of 467991
 1188003 string characters out of 5433157
 2259521 words of memory out of 5000000
 81151 multiletter control sequences out of 15000+600000
 639626 words of font info for 173 fonts, out of 8000000 for 9000
 1348 hyphenation exceptions out of 8191
 103i,12n,129p,1250b,1059s stack positions out of 10000i,1000n,20000p,200000b,200000s

Output written on research_handbook.pdf (1335 pages).
